cell,cell_annotations
AAACATACAACCAC-1,E
AAACATTGAGCTAC-1,D
AAACATTGATCAGC-1,A
AAACCGTGCTTCCG-1,B
AAACCGTGTATGCG-1,F
AAACGCACTGGTAC-1,A
AAACGCTGACCAGT-1,E
AAACGCTGGTTCTT-1,E
AAACGCTGTAGCCA-1,E
AAACGCTGTTTCTG-1,G
AAACTTGAAAAACG-1,D
AAACTTGATCCAGA-1,C
AAAGAGACGAGATA-1,A
AAAGAGACGCGAGA-1,B
AAAGAGACGGACTT-1,E
AAAGAGACGGCATT-1,H
AAAGCAGATATCGG-1,B
AAAGCCTGTATGCG-1,A
AAAGGCCTGTCTAG-1,D
AAAGTTTGATCACG-1,D
AAAGTTTGGGGTGA-1,D
AAAGTTTGTAGAGA-1,H
AAAGTTTGTAGCGT-1,B
AAATCAACAATGCC-1,D
AAATCAACACCAGT-1,C
AAATCAACCAGGAG-1,C
AAATCAACCCTATT-1,G
AAATCAACGGAAGC-1,C
AAATCAACTCGCAA-1,A
AAATCATGACCACA-1,G
AAATCCCTCCACAA-1,E
AAATCCCTGCTATG-1,D
AAATGTTGAACGAA-1,B
AAATGTTGCCACAA-1,A
AAATGTTGTGGCAT-1,B
AAATTCGAAGGTTC-1,H
AAATTCGAATCACG-1,B
AAATTCGAGCTGAT-1,B
AAATTCGAGGAGTG-1,C
AAATTCGATTCTCA-1,F
AAATTGACACGACT-1,E
AAATTGACTCGCTC-1,A
AACAAACTCATTTC-1,C
AACAAACTTTCGTT-1,A
AACAATACGACGAG-1,C
AACACGTGCAGAGG-1,A
AACACGTGGAAAGT-1,C
AACACGTGGAACCT-1,B
AACACGTGGCTACA-1,C
AACACGTGTACGAC-1,G
AACAGCACAAGAGT-1,B
AACATTGATGGGAG-1,G
AACCAGTGATACCG-1,G
AACCCAGATCGCTC-1,C
AACCGATGCTCCCA-1,A
AACCGATGGTCATG-1,D
AACCGATGTTCTAC-1,B
AACCGCCTAGCGTT-1,A
AACCGCCTCTACGA-1,B
AACCTACTGTGAGG-1,B
AACCTACTGTGTTG-1,C
AACCTTACGAGACG-1,C
AACCTTACGCGAGA-1,F
AACCTTACTAACGC-1,G
AACCTTTGGACGGA-1,C
AACCTTTGTACGCA-1,G
AACGCAACAAGTAG-1,A
AACGCATGACCCAA-1,A
AACGCATGCCTTCG-1,C
AACGCATGTACTTC-1,A
AACGCCCTCGGGAA-1,A
AACGCCCTCGTACA-1,F
AACGCCCTGGCATT-1,A
AACGTCGAGTATCG-1,F
AACGTGTGAAAGCA-1,C
AACGTGTGGCGGAA-1,D
AACGTGTGTCCAAG-1,H
AACGTGTGTGCTTT-1,A
AACTACCTTAGAGA-1,C
AACTCACTCAAGCT-1,B
AACTCACTTGGAGG-1,B
AACTCGGAAAGTGA-1,E
AACTCGGAAGGTCT-1,B
AACTCTTGCAGGAG-1,A
AACTGTCTCCCTTG-1,B
AACTTGCTACGCTA-1,D
AACTTGCTGGGACA-1,C
AAGAACGAGTGTTG-1,C
AAGAAGACGTAGGG-1,D
AAGACAGAAGTCTG-1,D
AAGACAGAGGATCT-1,C
AAGACAGATTACCT-1,B
AAGAGATGGGTAGG-1,D
AAGATGGAAAACAG-1,D
AAGATGGAGAACTC-1,B
AAGATGGAGATAAG-1,B
AAGATTACAACCTG-1,H
AAGATTACAGATCC-1,B
AAGATTACCCGTTC-1,B
AAGATTACCGCCTT-1,I
AAGATTACCTCAAG-1,F
AAGATTACTCCTCG-1,B
AAGCAAGAGCGAGA-1,E
AAGCAAGAGCTTAG-1,E
AAGCAAGAGGTGTT-1,F
AAGCACTGAGCAAA-1,D
AAGCACTGCATACG-1,E
AAGCACTGGTTCTT-1,D
AAGCCAACGTGTTG-1,C
AAGCCATGAACTGC-1,I
AAGCCATGACACGT-1,B
AAGCCATGCGTGAT-1,A
AAGCCATGTCTCGC-1,E
AAGCCTGACATGCA-1,A
AAGCCTGACCGAAT-1,B
AAGCGACTCCTCAC-1,G
AAGCGACTGTGTCA-1,C
AAGCGACTTACAGC-1,D
AAGCGACTTTGACG-1,G
AAGCGTACGTCTTT-1,C
AAGGCTTGCGAACT-1,E
AAGGTCACGGTTAC-1,B
AAGGTCACTGTTTC-1,D
AAGGTCACTTCCCG-1,E
AAGGTCTGACAGTC-1,A
AAGGTCTGCAGATC-1,H
AAGTAACTCTGAAC-1,B
AAGTAACTGAGATA-1,D
AAGTAGGATACAGC-1,F
AAGTATACCGAACT-1,A
AAGTCCGACTTGTT-1,C
AAGTCCGATAGAAG-1,C
AAGTCTCTAGTCGT-1,C
AAGTCTCTCGGAGA-1,E
AAGTGGCTTGGAGG-1,D
AAGTTCCTCATTCT-1,G
AAGTTCCTTCTTAC-1,E
AATAAGCTCGAATC-1,A
AATAAGCTCGTTGA-1,C
AATACCCTGGACGA-1,D
AATACCCTGGCATT-1,C
AATACTGAAAGGGC-1,F
AATACTGAATTGGC-1,F
AATAGGGAACCCTC-1,D
AATAGGGAGAATGA-1,E
AATCAAACTATCGG-1,E
AATCCGGAATGCTG-1,D
AATCCTACCGGTAT-1,H
AATCCTTGACGGGA-1,B
AATCCTTGGTGAGG-1,F
AATCGGTGGAACTC-1,E
AATCGGTGTGCTTT-1,C
AATCTAGAAAAGTG-1,A
AATCTAGAATCGGT-1,C
AATCTCACAGCCTA-1,B
AATCTCACTCTAGG-1,A
AATCTCTGAACAGA-1,C
AATCTCTGCTTTAC-1,F
AATGATACACCAAC-1,E
AATGATACGGTCAT-1,B
AATGCGTGACACCA-1,D
AATGCGTGGACGGA-1,I
AATGCGTGGCTATG-1,D
AATGGAGAATCGTG-1,B
AATGGAGATCCTTA-1,E
AATGGCTGACACCA-1,D
AATGGCTGCGTGAT-1,A
AATGGCTGTAAAGG-1,E
AATGGCTGTACTCT-1,E
AATGGCTGTGAAGA-1,C
AATGTAACGGTGGA-1,C
AATGTCCTCTTCTA-1,A
AATGTTGACAGTCA-1,A
AATGTTGAGTTGAC-1,B
AATGTTGATCTACT-1,A
AATTACGAATTCCT-1,I
AATTACGACTTCTA-1,C
AATTACGAGTGAGG-1,A
AATTACGATTGGCA-1,D
AATTCCTGCTCAGA-1,D
AATTGATGTCGCAA-1,G
AATTGTGACTTGGA-1,D
ACAAAGGAGGGTGA-1,H
ACAAATTGATTCTC-1,G
ACAAATTGCTCAGA-1,B
ACAAATTGTTGCGA-1,F
ACAACCGAGGGATG-1,F
ACAACCGAGTTACG-1,A
ACAAGAGAAGTCGT-1,B
ACAAGAGACTTATC-1,H
ACAAGAGAGTTGAC-1,D
ACAATCCTAACCGT-1,A
ACAATCCTTAGCGT-1,D
ACAATTGACTGACA-1,E
ACAATTGATGACTG-1,F
ACACAGACCATACG-1,E
ACACCAGAGGGCAA-1,E
ACACCCTGGTGTTG-1,F
ACACGAACAGTTCG-1,A
ACACGATGACGCAT-1,E
ACACGATGATGTGC-1,B
ACACGATGTCGTAG-1,E
ACACGATGTGGTCA-1,E
ACAGACACGGCATT-1,E
ACAGACACGTTGTG-1,A
ACAGCAACACCTAG-1,B
ACAGCAACCTCAAG-1,G
ACAGGTACCCCACT-1,C
ACAGGTACGCTGTA-1,E
ACAGGTACTGGTGT-1,F
ACAGTCGACCCAAA-1,C
ACAGTCGACCGATA-1,E
ACAGTGACTCACCC-1,E
ACAGTGACTCTATC-1,E
ACAGTGTGGTCACA-1,H
ACAGTGTGTTGCGA-1,B
ACATCACTCTACTT-1,B
ACATGGTGAAGCCT-1,C
ACATGGTGCAACCA-1,D
ACATGGTGCGAGTT-1,C
ACATTCTGGCATAC-1,A
ACATTCTGGGAACG-1,B
ACCAACGACATGCA-1,H
ACCACAGAAAGTAG-1,A
ACCACAGAGTTGGT-1,C
ACCACCTGTGTGCA-1,C
ACCACGCTACAGCT-1,C
ACCACGCTACCCAA-1,E
ACCACGCTGCGAGA-1,A
ACCACGCTGCTGTA-1,A
ACCAGCCTGACAGG-1,A
ACCAGTGAACGGTT-1,D
ACCAGTGAATACCG-1,G
ACCAGTGAGGGATG-1,C
ACCAGTGATGACTG-1,B
ACCATTACCTTCTA-1,A
ACCATTACGAGATA-1,A
ACCATTTGTCATTC-1,C
ACCCAAGAACTGTG-1,E
ACCCAAGAATTCCT-1,G
ACCCAAGAGGACAG-1,A
ACCCAAGATTCACT-1,D
ACCCACTGCGCCTT-1,B
ACCCACTGGACAGG-1,C
ACCCACTGGTTCAG-1,J
ACCCACTGTCGTAG-1,B
ACCCAGCTCAGAAA-1,A
ACCCAGCTGTTAGC-1,B
ACCCAGCTTGCTTT-1,C
ACCCGTTGATGACC-1,D
ACCCGTTGCTGCAA-1,C
ACCCGTTGCTTCTA-1,I
ACCCTCGACCTATT-1,A
ACCCTCGACGGTAT-1,D
ACCCTCGATAAGGA-1,B
ACCCTCGATCAAGC-1,G
ACCGTGCTACCAGT-1,A
ACCGTGCTGGAACG-1,D
ACCTATTGCTGAGT-1,D
ACCTATTGTGCCCT-1,G
ACCTCCGAGTCCTC-1,A
ACCTCCGATATGCG-1,A
ACCTCCGATGCTGA-1,H
ACCTCGTGAACCAC-1,E
ACCTGAGATATCGG-1,B
ACCTGGCTAAGTAG-1,F
ACCTTTGACTCCCA-1,B
ACCTTTGAGGAACG-1,B
ACCTTTGAGGAAGC-1,B
ACGAACACCTTGTT-1,E
ACGAACTGGCTATG-1,G
ACGAAGCTCTCCAC-1,H
ACGAAGCTCTGAGT-1,D
ACGACCCTATCTCT-1,B
ACGACCCTGATGAA-1,H
ACGACCCTTGACAC-1,D
ACGACCCTTGACCA-1,C
ACGAGGGACAGGAG-1,I
ACGAGGGACGAACT-1,C
ACGAGGGATGTAGC-1,A
ACGAGTACCCTAAG-1,D
ACGAGTACGAATCC-1,D
ACGATCGAGGACTT-1,F
ACGATCGAGTCACA-1,B
ACGATGACAATGCC-1,A
ACGATGACTGGTCA-1,A
ACGATTCTACGGGA-1,E
ACGCAATGGTTCAG-1,F
ACGCACCTGTTAGC-1,D
ACGCCACTGAACTC-1,B
ACGCCGGAAACCAC-1,B
ACGCCGGAAAGCCT-1,C
ACGCCGGAAATGCC-1,A
ACGCCTTGCTCCCA-1,G
ACGCGGTGGCGAGA-1,C
ACGCGGTGTGTGGT-1,D
ACGCGGTGTTTGCT-1,E
ACGCTCACAGTACC-1,H
ACGCTCACCCTTGC-1,C
ACGCTGCTGTTCTT-1,F
ACGGAACTCAGATC-1,F
ACGGAACTGTCGTA-1,G
ACGGAGGACTCTTA-1,B
ACGGATTGGGAGGT-1,D
ACGGATTGGTTAGC-1,A
ACGGCTCTGAGCAG-1,A
ACGGCTCTTGCACA-1,C
ACGGTAACCGCTAA-1,A
ACGGTAACCTTCGC-1,E
ACGGTAACGGTGGA-1,H
ACGGTAACTCGCAA-1,E
ACGGTATGAGTCGT-1,B
ACGGTATGGGTATC-1,D
ACGGTATGGTTGTG-1,D
ACGGTCCTAACGGG-1,A
ACGGTCCTCGGGAA-1,A
ACGTAGACAACCAC-1,A
ACGTAGACTACAGC-1,D
ACGTCAGAAACGAA-1,A
ACGTCAGAGAGCTT-1,B
ACGTCAGAGGGATG-1,A
ACGTCCTGATAAGG-1,B
ACGTCCTGTGAACC-1,B
ACGTCGCTCCTGAA-1,F
ACGTCGCTCTATTC-1,B
ACGTCGCTTCTCAT-1,D
ACGTGATGCCATGA-1,I
ACGTGATGGGTCTA-1,C
ACGTGATGTAACCG-1,G
ACGTGATGTGACAC-1,F
ACGTGCCTCCGTAA-1,A
ACGTGCCTTCTATC-1,E
ACGTTACTTTCCAT-1,A
ACGTTGGAAAAGCA-1,H
ACGTTGGAAACCTG-1,E
ACGTTGGACCGTAA-1,B
ACGTTGGAGCCAAT-1,F
ACGTTGGATATGGC-1,D
ACGTTGGATCAGGT-1,B
ACGTTTACATCAGC-1,C
ACTAAAACCCACAA-1,E
ACTAAAACTCGACA-1,B
ACTACGGAATTTCC-1,A
ACTACGGACCTATT-1,C
ACTACGGATCGCTC-1,A
ACTACTACTAAGGA-1,C
ACTAGGTGGAACCT-1,A
ACTAGGTGGAACTC-1,A
ACTATCACCTTGGA-1,E
ACTATCACTGCCAA-1,C
ACTCAGGACTGAAC-1,C
ACTCAGGATCTATC-1,D
ACTCAGGATTCGTT-1,B
ACTCCTCTCAACTG-1,A
ACTCGCACGAAAGT-1,B
ACTCGCACTACGAC-1,B
ACTCTCCTGACACT-1,C
ACTCTCCTGCATAC-1,I
ACTCTCCTGTTTGG-1,C
ACTGAGACAACCAC-1,E
ACTGAGACCCATAG-1,G
ACTGAGACGTTGGT-1,D
ACTGCCACACACGT-1,E
ACTGCCACTCCGTC-1,F
ACTGGCCTTCAGTG-1,F
ACTGTGGACGTGTA-1,E
ACTGTGGATCTAGG-1,D
ACTGTTACCCACAA-1,B
ACTGTTACTGCAGT-1,C
ACTTAAGAACCACA-1,C
ACTTAAGATTACTC-1,I
ACTTAGCTGCGTAT-1,G
ACTTAGCTGGGAGT-1,A
ACTTCAACAAGCAA-1,I
ACTTCAACGTAGGG-1,F
ACTTCCCTTTCCGC-1,C
ACTTCTGACATGCA-1,D
ACTTGACTCCACAA-1,D
ACTTGGGAGAAAGT-1,B
ACTTGGGAGGTTTG-1,A
ACTTGGGATGTGAC-1,B
ACTTGGGATTGACG-1,B
ACTTGTACCTGTCC-1,C
ACTTTGTGGAAAGT-1,C
ACTTTGTGGATAGA-1,B
AGAAACGAAAGTAG-1,D
AGAAAGTGCGCAAT-1,C
AGAAAGTGGGGATG-1,B
AGAACAGAAATGCC-1,F
AGAACAGACGACTA-1,D
AGAACAGAGACAAA-1,A
AGAACGCTTTGCTT-1,H
AGAAGATGTGACTG-1,A
AGAATGGAAGAAGT-1,E
AGAATTTGTAACCG-1,A
AGAATTTGTAGAGA-1,H
AGACACACTGTAGC-1,C
AGACACTGTCAAGC-1,B
AGACCTGAAGTAGA-1,B
AGACCTGACCAACA-1,A
AGACCTGAGGAAGC-1,E
AGACGTACAGAGGC-1,A
AGACGTACCCCTAC-1,D
AGACGTACCTCTTA-1,B
AGACGTACTCGTGA-1,G
AGACTGACCATCAG-1,E
AGACTGACCCTTTA-1,C
AGACTTCTCATGCA-1,D
AGAGATGACAGTCA-1,D
AGAGATGACTGAAC-1,C
AGAGATGAGGTTTG-1,B
AGAGATGATCTCGC-1,D
AGAGATGATTGTGG-1,A
AGAGCGGAGGCAAG-1,B
AGAGGTCTACAGCT-1,I
AGAGTCTGGTCGTA-1,G
AGAGTGCTCAGCTA-1,H
AGAGTGCTCGAATC-1,A
AGAGTGCTGTCATG-1,A
AGAGTGCTGTCCTC-1,E
AGAGTGCTGTGTTG-1,D
AGATATACCCGTAA-1,F
AGATATACGATGAA-1,H
AGATATACTGTTCT-1,D
AGATATTGCCTACC-1,E
AGATATTGGCCAAT-1,B
AGATCGTGTCTGGA-1,B
AGATCGTGTTTGTC-1,D
AGATCTCTATCACG-1,D
AGATTAACGTTCTT-1,G
AGATTCCTATCGTG-1,A
AGATTCCTCACTTT-1,B
AGATTCCTGACGAG-1,B
AGATTCCTGTTCAG-1,F
AGCAAAGATATGCG-1,C
AGCACAACAGTCTG-1,H
AGCACTGAGGGAGT-1,H
AGCACTGATATGCG-1,A
AGCACTGATGCTTT-1,I
AGCACTGATTGCGA-1,C
AGCATCGAAGATCC-1,A
AGCATCGAAGGGTG-1,D
AGCATCGAGCTTCC-1,B
AGCATCGAGTGAGG-1,A
AGCATCGATAACCG-1,B
AGCATGACGATGAA-1,E
AGCCAATGGGGAGT-1,G
AGCCAATGTATCTC-1,A
AGCCACCTGGATCT-1,E
AGCCGGTGCCAATG-1,A
AGCCGGTGTGTTTC-1,C
AGCCGTCTCAATCG-1,C
AGCCGTCTGAGAGC-1,A
AGCCTCACGTTCGA-1,C
AGCCTCACTGTCAG-1,B
AGCCTCTGCAGTTG-1,D
AGCCTCTGCCAATG-1,F
AGCGAACTGGATCT-1,C
AGCGAACTTACTGG-1,A
AGCGATACGGAGCA-1,C
AGCGATTGAGATCC-1,F
AGCGCCGAATCTCT-1,A
AGCGCCGACAGAGG-1,A
AGCGCTCTACCTTT-1,C
AGCGGCACCGGGAA-1,C
AGCGGCTGATGTGC-1,A
AGCGGGCTTGCCAA-1,A
AGCGTAACATGCTG-1,A
AGCGTAACTGAGAA-1,B
AGCTCGCTACTGGT-1,C
AGCTCGCTCTGCTC-1,C
AGCTGAACCATACG-1,G
AGCTGAACCTCTCG-1,A
AGCTGCCTTGGGAG-1,B
AGCTGCCTTTCATC-1,A
AGCTGCCTTTCTGT-1,A
AGCTGTGATCCAAG-1,C
AGCTTTACAAGTAG-1,C
AGCTTTACACCAAC-1,E
AGCTTTACTCTCAT-1,D
AGGAAATGAGGAGC-1,A
AGGAACCTCTTAGG-1,G
AGGAACCTTGCCTC-1,E
AGGAATGATAACGC-1,H
AGGAATGATTTGTC-1,A
AGGAGTCTGGTTTG-1,C
AGGAGTCTTGTCAG-1,C
AGGATAGACATTTC-1,A
AGGATAGAGGATTC-1,E
AGGATGCTACTAGC-1,D
AGGATGCTTTAGGC-1,F
AGGCAACTGAAGGC-1,A
AGGCAGGAGTACCA-1,E
AGGCCTCTAGTCGT-1,C
AGGCCTCTCGGAGA-1,C
AGGCCTCTCGTAAC-1,C
AGGGACGACGTTGA-1,C
AGGGACGAGTCAAC-1,F
AGGGACGAGTTGTG-1,C
AGGGACGATAGAGA-1,E
AGGGACGATGCATG-1,E
AGGGAGTGAGCCTA-1,A
AGGGCCACCATACG-1,C
AGGGCGCTAACCAC-1,B
AGGGCGCTATGGTC-1,A
AGGGTGGACAGTCA-1,D
AGGGTGGACTCAAG-1,B
AGGGTGGAGTTGCA-1,E
AGGGTTTGTTCATC-1,B
AGGTCATGAGTGTC-1,D
AGGTCATGCTTATC-1,E
AGGTCTGATTCTCA-1,B
AGGTGGGAAGAATG-1,A
AGGTGGGAAGTTCG-1,C
AGGTGTTGGTTACG-1,D
AGGTTCGAACCTCC-1,B
AGGTTCGAACGTAC-1,B
AGGTTCGAGGGTGA-1,C
AGTAAGGAGTTTGG-1,A
AGTAAGGATTCTTG-1,A
AGTAATACATCACG-1,F
AGTAATACCGAACT-1,D
AGTAATTGTCCCAC-1,A
AGTACGTGAGGGTG-1,C
AGTACGTGCTGCAA-1,A
AGTACGTGCTTGGA-1,A
AGTACTCTACGTGT-1,D
AGTACTCTCAACCA-1,E
AGTACTCTCGGTAT-1,A
AGTAGGCTTGCCTC-1,G
AGTATAACTTGTCT-1,G
AGTATCCTAGAACA-1,C
AGTCACGATGAGCT-1,F
AGTCAGACGAATAG-1,A
AGTCAGACGCTTAG-1,H
AGTCAGACTAGAGA-1,E
AGTCAGACTGCACA-1,A
AGTCCAGATATCTC-1,H
AGTCCAGATTTCAC-1,A
AGTCGAACCAACCA-1,C
AGTCGCCTCCGTAA-1,A
AGTCTACTAGGGTG-1,B
AGTCTACTTGCATG-1,G
AGTCTTACACCACA-1,C
AGTCTTACTTCGCC-1,E
AGTCTTACTTCGGA-1,J
AGTGACTGCAACTG-1,G
AGTGTTCTAACCTG-1,A
AGTGTTCTATAAGG-1,H
AGTGTTCTCACTTT-1,B
AGTTAAACCACTTT-1,A
AGTTATGAACAGTC-1,B
AGTTATGACTGAGT-1,A
AGTTATGAGTTCAG-1,A
AGTTCTACCAGCTA-1,B
AGTTCTTGAAGCCT-1,E
AGTTGTCTACTACG-1,C
AGTTTAGATGGTCA-1,H
AGTTTCACGGTCTA-1,E
AGTTTGCTACAGTC-1,H
AGTTTGCTACTGGT-1,F
AGTTTGCTCCAAGT-1,C
ATAAACACAGTGCT-1,D
ATAAACACCACCAA-1,C
ATAACAACATGCTG-1,B
ATAACAACGTCTAG-1,H
ATAACAACTTTGTC-1,A
ATAACATGTACTCT-1,A
ATAACCCTGTTGGT-1,H
ATAACCCTTGGTAC-1,A
ATAAGTACGAATGA-1,D
ATAAGTTGGTACGT-1,G
ATAAGTTGTCTAGG-1,A
ATAATCGAGCTGAT-1,D
ATAATCGATGGTTG-1,C
ATAATGACCTACTT-1,A
ATAATGACTCGTGA-1,B
ATACAATGTTAGGC-1,A
ATACCACTCGTACA-1,B
ATACCACTCTAAGC-1,I
ATACCACTGCCAAT-1,F
ATACCGGAATGCTG-1,I
ATACCGGACATTTC-1,B
ATACCGGACTTCGC-1,A
ATACCGGAGGTGTT-1,B
ATACCGGATCTCGC-1,H
ATACCTACGCATCA-1,A
ATACCTTGGGGCAA-1,C
ATACGGACAGACTC-1,B
ATACGGACCTACTT-1,B
ATACGGACGAGGTG-1,D
ATACGGACTATGCG-1,D
ATACGGACTCTGGA-1,B
ATACGTCTTAACGC-1,B
ATACTCTGCTTCGC-1,B
ATACTCTGGTATGC-1,F
ATAGATACCATGGT-1,A
ATAGATACGACGAG-1,C
ATAGATTGGTGTAC-1,D
ATAGCCGAACGGAG-1,C
ATAGCGTGCAGATC-1,A
ATAGCGTGCCCTTG-1,B
ATAGCGTGGTATCG-1,B
ATAGCGTGTCTCTA-1,A
ATAGCTCTCTGATG-1,C
ATAGCTCTGAGGTG-1,C
ATAGGAGAAACAGA-1,B
ATAGGCTGTCAGAC-1,C
ATAGTCCTAGTGTC-1,B
ATAGTCCTTGCATG-1,E
ATAGTCCTTGTCGA-1,C
ATAGTTGACAACTG-1,C
ATAGTTGACCCTCA-1,G
ATAGTTGAGACGTT-1,H
ATAGTTGATAAGCC-1,H
ATATACGAAGCCAT-1,C
ATATACGAATTGGC-1,A
ATATAGTGGAATGA-1,B
ATATGCCTAGATCC-1,B
ATATGCCTGGACAG-1,C
ATATGCCTTCTCTA-1,A
ATATGCCTTGGTAC-1,C
ATCAAATGAGCCTA-1,B
ATCAAATGGGTAAA-1,G
ATCAACCTAAACGA-1,A
ATCAACCTGAGGAC-1,C
ATCAACCTTCTCTA-1,E
ATCAACCTTTGTCT-1,E
ATCACACTTTGTCT-1,A
ATCACGGATTTCGT-1,D
ATCATCTGACACCA-1,J
ATCATGCTAGAGTA-1,E
ATCATGCTGAACCT-1,D
ATCCAGGACGCTAA-1,G
ATCCAGGATGGAAA-1,A
ATCCATACTCCTTA-1,B
ATCCATACTTCATC-1,G
ATCCCGTGCAGTCA-1,F
ATCCCGTGCATGCA-1,D
ATCCCGTGGCTGAT-1,D
ATCCGCACGCATCA-1,D
ATCCTAACGACGGA-1,D
ATCCTAACGCTACA-1,A
ATCGACGAAACTGC-1,B
ATCGACGAATGACC-1,C
ATCGAGTGGACGTT-1,E
ATCGCAGAATCTCT-1,G
ATCGCAGAGTGTCA-1,D
ATCGCCACTGAGGG-1,E
ATCGCCTGGGTCAT-1,A
ATCGCCTGTGGCAT-1,D
ATCGCGCTCAGAGG-1,B
ATCGCGCTGGGATG-1,A
ATCGCGCTTTTCGT-1,D
ATCGGAACCAGTCA-1,A
ATCGGTGAGTCAAC-1,C
ATCGGTGATTGCAG-1,A
ATCGTTTGCCTACC-1,B
ATCGTTTGGGTACT-1,B
ATCGTTTGTGCCAA-1,B
ATCTACACCCGCTT-1,B
ATCTACACCGGGAA-1,A
ATCTCAACAGGAGC-1,D
ATCTCAACCTCGAA-1,H
ATCTCAACCTTGTT-1,B
ATCTGGGAAACCAC-1,B
ATCTGGGAAGTGTC-1,B
ATCTGGGATTCCGC-1,E
ATCTGTTGAACGGG-1,A
ATCTGTTGACCTCC-1,A
ATCTGTTGCCTTCG-1,B
ATCTGTTGGTTGCA-1,A
ATCTTGACACCAAC-1,A
ATCTTGACCTCCCA-1,B
ATCTTTCTGCATCA-1,E
ATCTTTCTGTTTCT-1,E
ATCTTTCTTGTCCC-1,F
ATGAAACTCTGTGA-1,E
ATGAAACTGAGGCA-1,C
ATGAAGGAACAGCT-1,E
ATGAAGGACCTGTC-1,D
ATGAAGGACCTTAT-1,D
ATGAAGGACTAGTG-1,D
ATGAAGGACTTGCC-1,F
ATGACGTGACGACT-1,D
ATGACGTGATCGGT-1,G
ATGAGAGAAAGTGA-1,A
ATGAGAGAACGCAT-1,C
ATGAGAGAAGTAGA-1,D
ATGAGCACACAGCT-1,C
ATGAGCACATCTTC-1,C
ATGATAACTTCACT-1,F
ATGATATGAAACAG-1,A
ATGATATGACTGGT-1,C
ATGATATGAGCACT-1,C
ATGATATGGTCATG-1,C
ATGATATGGTGCTA-1,F
ATGATATGTTGTCT-1,B
ATGCACGAATGTCG-1,D
ATGCACGACTGTAG-1,A
ATGCACGAGAACCT-1,D
ATGCACGAGTTCGA-1,C
ATGCACGATTGGTG-1,B
ATGCAGTGTTACCT-1,D
ATGCAGTGTTCTAC-1,A
ATGCCAGAACGACT-1,A
ATGCCAGACAGTCA-1,B
ATGCCGCTTGAACC-1,B
ATGCGATGCTATGG-1,B
ATGCGATGCTGAGT-1,C
ATGCGATGGTTACG-1,D
ATGCGCCTTCATTC-1,C
ATGCTTTGCGAATC-1,A
ATGCTTTGGGCGAA-1,E
ATGCTTTGTAGTCG-1,D
ATGGACACATCGGT-1,A
ATGGACACGCATCA-1,F
ATGGGTACAACCTG-1,D
ATGGGTACATCGGT-1,F
ATGGGTACTATTCC-1,A
ATGGGTACTGGGAG-1,A
ATGTAAACACCTCC-1,C
ATGTAAACCCGCTT-1,A
ATGTAAACGGGATG-1,I
ATGTAAACTCTCCG-1,E
ATGTAAACTTCACT-1,B
ATGTACCTCAGTCA-1,H
ATGTACCTTAGTCG-1,A
ATGTACCTTTATCC-1,B
ATGTACCTTTCACT-1,E
ATGTCACTAATGCC-1,B
ATGTCACTCTGCTC-1,H
ATGTCGGAGGTGAG-1,A
ATGTTCACAGTCTG-1,B
ATGTTCACCGTAGT-1,A
ATGTTGCTTTCAGG-1,A
ATTAACGATGAGAA-1,F
ATTAACGATGCAAC-1,E
ATTAAGACTGCAGT-1,A
ATTACCTGCCTTAT-1,B
ATTACCTGGAGGAC-1,G
ATTAGATGTTTCAC-1,C
ATTATGGAATCTCT-1,A
ATTCAAGAACGGGA-1,C
ATTCAAGACCTTTA-1,A
ATTCAGCTCATTGG-1,J
ATTCCAACCATTGG-1,B
ATTCCAACTTAGGC-1,F
ATTCGACTCACTAG-1,A
ATTCGACTGAATAG-1,B
ATTCGACTTTTGTC-1,G
ATTCGGGAAAGGCG-1,B
ATTCGGGATTAGGC-1,A
ATTCTTCTGATACC-1,E
ATTGAATGGACGGA-1,A
ATTGATGAAGGTTC-1,C
ATTGATGACTGAGT-1,A
ATTGATGAGCGAAG-1,A
ATTGATGATCTATC-1,C
ATTGCACTGACGGA-1,C
ATTGCACTGAGAGC-1,G
ATTGCACTGGAGCA-1,B
ATTGCACTTAGCCA-1,A
ATTGCACTTGCTTT-1,G
ATTGCTTGTTACTC-1,D
ATTGGTCTGACTAC-1,D
ATTGGTCTTGTCTT-1,D
ATTGTAGATTCCCG-1,I
ATTGTAGATTGCAG-1,A
ATTGTCTGCGTACA-1,A
ATTTAGGAACCATG-1,G
ATTTAGGACAGAGG-1,A
ATTTCCGAGATGAA-1,A
ATTTCCGAGTGCTA-1,A
ATTTCGTGTATGGC-1,E
ATTTCTCTACTTTC-1,G
ATTTCTCTAGCAAA-1,A
ATTTCTCTCACTTT-1,B
ATTTCTCTTCCCAC-1,C
ATTTGCACAAGATG-1,B
CAAAGCACAGCTCA-1,A
CAAAGCACCGTAAC-1,D
CAAAGCACGGTAAA-1,E
CAAAGCTGAAAGTG-1,H
CAAAGCTGTTGCTT-1,B
CAAATATGTGACAC-1,C
CAAATTGAGGGCAA-1,A
CAAATTGATGGAGG-1,B
CAACCAGAAAAGTG-1,C
CAACCAGAAGTGCT-1,A
CAACCAGAGTTCAG-1,B
CAACCAGATAGAAG-1,B
CAACCGCTGTTCAG-1,C
CAACCGCTTTGAGC-1,H
CAACGATGCGCAAT-1,G
CAACGTGACTCCAC-1,B
CAACGTGAGCCATA-1,E
CAACGTGATCAAGC-1,B
CAAGAAGACCACAA-1,E
CAAGAAGACGTCTC-1,B
CAAGAAGATTCTAC-1,C
CAAGACTGACCTGA-1,D
CAAGACTGAGTAGA-1,D
CAAGCTGACCATAG-1,G
CAAGCTGATCTATC-1,E
CAAGGACTGTTCAG-1,C
CAAGGACTTCTTTG-1,E
CAAGGTTGCTCCAC-1,A
CAAGGTTGTCATTC-1,D
CAAGGTTGTCTGGA-1,F
CAAGTCGAAACAGA-1,D
CAAGTCGATAGCGT-1,B
CAATAAACGCCATA-1,B
CAATAATGAACTGC-1,B
CAATATGACATGGT-1,A
CAATATGACCTTCG-1,E
CAATATGACGTTAG-1,C
CAATATGAGGAGCA-1,A
CAATCGGAGAAACA-1,A
CAATCTACTGACTG-1,F
CAATTCACCCAACA-1,E
CAATTCACGATAGA-1,A
CAATTCACTTGTGG-1,H
CAATTCTGCTTGTT-1,B
CAATTCTGGCGTAT-1,G
CACAACGATACGAC-1,C
CACAATCTTGTTCT-1,A
CACAATCTTTCCAT-1,A
CACACCTGCTTGAG-1,C
CACACCTGTATGGC-1,H
CACAGAACCCTTGC-1,D
CACAGAACCTGATG-1,A
CACAGATGGGATTC-1,A
CACAGATGGTTTCT-1,B
CACAGCCTGATACC-1,E
CACAGCCTTGCCAA-1,G
CACAGCCTTGTAGC-1,A
CACAGTGATGAAGA-1,B
CACATACTACAGCT-1,E
CACATGGAACACGT-1,C
CACATGGAAGTCGT-1,C
CACCACTGCCAACA-1,C
CACCACTGGCGAAG-1,F
CACCCATGTTCTGT-1,H
CACCGGGAATCGAC-1,A
CACCGGGACGAGAG-1,E
CACCGGGACGTGTA-1,C
CACCGGGACTTCTA-1,A
CACCGGGACTTGCC-1,E
CACCGGGATTCGGA-1,E
CACCGTACTAAGGA-1,D
CACCGTACTAGCGT-1,C
CACCTGACACCCAA-1,E
CACCTGACCAGAAA-1,H
CACCTGACCTCAAG-1,E
CACCTGACGAAAGT-1,D
CACCTGACTCGTAG-1,A
CACGAAACTTCCGC-1,D
CACGACCTCGATAC-1,D
CACGCTACAGAAGT-1,H
CACGCTACTGTTCT-1,D
CACGGGACAGAGTA-1,C
CACGGGACATAAGG-1,H
CACGGGACGTAGGG-1,A
CACGGGTGCTTCGC-1,E
CACGGGTGGAGGAC-1,F
CACGGGTGTGTTTC-1,C
CACTAACTCCTAAG-1,D
CACTAACTGAAAGT-1,C
CACTAGGATGATGC-1,D
CACTATACCCCGTT-1,D
CACTATACGTTTGG-1,E
CACTGAGACAGTCA-1,B
CACTGCACTTCATC-1,A
CACTGCTGAGACTC-1,G
CACTGCTGGAAAGT-1,A
CACTTAACCGAATC-1,A
CACTTAACCGTACA-1,D
CACTTTGACTCTAT-1,E
CACTTTGAGCTGTA-1,E
CAGAAGCTCTCAAG-1,C
CAGACATGAACGGG-1,C
CAGACATGTCGACA-1,A
CAGACCCTAAGGTA-1,G
CAGACCCTAATGCC-1,A
CAGACCCTAGGAGC-1,C
CAGACTGAGTATGC-1,C
CAGATCGAATGTCG-1,D
CAGATCGACCTGAA-1,E
CAGATCGATATGGC-1,C
CAGATGACATTCTC-1,F
CAGCAATGCCTTCG-1,C
CAGCAATGGAGGGT-1,F
CAGCAATGGTGCTA-1,C
CAGCAATGTCTACT-1,B
CAGCAATGTGACCA-1,C
CAGCAATGTGAGGG-1,B
CAGCACCTAAGCCT-1,H
CAGCACCTAGGCGA-1,C
CAGCACCTGTAGGG-1,B
CAGCATGACAACCA-1,B
CAGCATGAGACGTT-1,E
CAGCCTACCCAACA-1,A
CAGCCTTGCTACCC-1,B
CAGCCTTGGGGACA-1,A
CAGCGGACACCCTC-1,C
CAGCGGACCTTTAC-1,F
CAGCGTCTAAAGCA-1,A
CAGCGTCTTATCGG-1,A
CAGCTAGATGTGAC-1,B
CAGCTCTGAGGCGA-1,A
CAGCTCTGCAAGCT-1,E
CAGCTCTGTCGTAG-1,B
CAGCTCTGTGTGGT-1,F
CAGGAACTAACTGC-1,E
CAGGAACTCTCAGA-1,B
CAGGCCGAACACCA-1,A
CAGGCCGAACACGT-1,A
CAGGCCGAACGACT-1,A
CAGGCCGAATCTCT-1,G
CAGGCCGACTAGCA-1,D
CAGGGCACCATACG-1,D
CAGGGCACCCAACA-1,C
CAGGGCACTCCCGT-1,A
CAGGTAACAGACTC-1,B
CAGGTATGAGTCGT-1,A
CAGGTATGTGCTTT-1,A
CAGGTTGAGGATCT-1,D
CAGTGATGGACGGA-1,D
CAGTGATGGCTAAC-1,E
CAGTGATGGGACAG-1,A
CAGTGATGTAAGGA-1,D
CAGTGATGTACGCA-1,D
CAGTGTGATGTCAG-1,H
CAGTTACTAAGGTA-1,D
CAGTTACTGATAGA-1,A
CAGTTGGAAAGAGT-1,B
CAGTTGGACATACG-1,C
CAGTTTACACACGT-1,E
CAGTTTACCCCAAA-1,C
CATAAAACGGAGCA-1,B
CATAAATGAACTGC-1,C
CATAACCTTCTCCG-1,A
CATACTACCTCGAA-1,C
CATACTACCTGAAC-1,C
CATACTACGTACCA-1,B
CATACTTGGGTTAC-1,G
CATAGTCTAATCGC-1,C
CATAGTCTCACTTT-1,A
CATATAGACTAAGC-1,I
CATATAGATCAGGT-1,D
CATCAACTAGAAGT-1,A
CATCAACTCCCTCA-1,A
CATCAGGACTTCCG-1,F
CATCAGGATAGCCA-1,F
CATCAGGATCCTAT-1,G
CATCAGGATGCACA-1,B
CATCAGGATTTCGT-1,B
CATCATACCGCATA-1,B
CATCATACGGAGCA-1,D
CATCATACTCAAGC-1,C
CATCGCTGGGATCT-1,A
CATCGCTGTGGCAT-1,D
CATCGGCTATGCTG-1,C
CATCGGCTTTGGCA-1,A
CATCTCCTATGTGC-1,D
CATCTCCTCGAACT-1,B
CATGAGACACGGGA-1,D
CATGAGACGTTGAC-1,F
CATGAGACTCGCCT-1,C
CATGCCACGGGTGA-1,H
CATGCCACTGCCAA-1,A
CATGCGCTAGTCAC-1,G
CATGCGCTCAGATC-1,B
CATGCGCTTTGCAG-1,G
CATGGCCTAGGGTG-1,B
CATGGCCTGTGCAT-1,C
CATGTACTATCGTG-1,E
CATGTTACAGTCGT-1,E
CATGTTACCTGAGT-1,H
CATGTTTGGGGATG-1,B
CATTACACACGGAG-1,D
CATTACACCAACTG-1,F
CATTACACGGAGTG-1,A
CATTACACTACTCT-1,C
CATTAGCTCCACAA-1,B
CATTGACTAGCGGA-1,B
CATTGGGACTCGAA-1,A
CATTGTACAGCGTT-1,C
CATTGTACTCGATG-1,D
CATTGTACTTATCC-1,H
CATTGTACTTTGCT-1,G
CATTGTTGCTAGTG-1,C
CATTTCGACTCTAT-1,E
CATTTCGAGATACC-1,F
CATTTGACCACACA-1,E
CATTTGACCCTGAA-1,E
CATTTGTGACGACT-1,D
CATTTGTGCATTGG-1,H
CATTTGTGCGGAGA-1,C
CATTTGTGGGATCT-1,D
CCAAAGTGCTACGA-1,B
CCAAAGTGTGAGAA-1,B
CCAACCTGAAGTAG-1,E
CCAACCTGACGTAC-1,B
CCAACCTGTTCGCC-1,B
CCAAGAACCCAATG-1,A
CCAAGAACGTAGCT-1,A
CCAAGAACGTGTCA-1,A
CCAAGAACTACTGG-1,E
CCAAGAACTCCTAT-1,D
CCAAGATGTCATTC-1,C
CCAAGATGTTTCAC-1,A
CCAAGTGAGGAACG-1,C
CCAAGTGATCAAGC-1,A
CCAATTTGAACGTC-1,B
CCACCATGAACGTC-1,H
CCACCATGATCGGT-1,C
CCACCATGGACGAG-1,G
CCACCATGGGGAGT-1,C
CCACCATGTCCTGC-1,E
CCACTGACCCGCTT-1,B
CCACTGTGGGAAGC-1,B
CCACTGTGTGTAGC-1,A
CCACTTCTCGGGAA-1,B
CCAGAAACCCTGTC-1,D
CCAGAAACGAACTC-1,A
CCAGAAACGGTCTA-1,C
CCAGACCTCTGAGT-1,B
CCAGACCTTGTGGT-1,A
CCAGCACTGCGATT-1,G
CCAGCGGAAAGGCG-1,B
CCAGCGGACGACTA-1,B
CCAGCGGATGGGAG-1,A
CCAGCTACACAGTC-1,C
CCAGCTACCAGCTA-1,D
CCAGGTCTACACCA-1,D
CCAGGTCTAGCATC-1,B
CCAGGTCTATGGTC-1,A
CCAGTCACACTGGT-1,B
CCAGTCACACTGTG-1,D
CCAGTCACGTTGTG-1,C
CCAGTCTGCGGAGA-1,I
CCAGTGCTAACCAC-1,A
CCAGTGCTCGTAGT-1,H
CCATCCGAAAGCAA-1,E
CCATCCGAACGACT-1,E
CCATCCGAAGGTTC-1,D
CCATCCGATTCGCC-1,B
CCATCGTGAACGGG-1,A
CCATCGTGCTAGAC-1,G
CCCAACACCTCGCT-1,D
CCCAACACGCATCA-1,C
CCCAACACTTTGTC-1,B
CCCAACTGCAATCG-1,B
CCCAGACTGCCTTC-1,B
CCCAGACTGGTTTG-1,D
CCCAGACTTTCGCC-1,G
CCCAGTTGCAGTTG-1,B
CCCAGTTGGGTACT-1,A
CCCAGTTGTCTATC-1,D
CCCGATTGTGTTTC-1,A
CCCGGAGAAGGGTG-1,B
CCCTACGAATTGGC-1,B
CCCTAGTGCAAAGA-1,A
CCCTCAGACACTTT-1,D
CCCTCAGACGAGAG-1,A
CCCTCAGAGGTCAT-1,C
CCCTGAACTAAAGG-1,D
CCCTGATGCAACCA-1,H
CCCTGATGCAAGCT-1,D
CCCTTACTAACCAC-1,B
CCCTTACTGCAGTT-1,E
CCGAAAACCTTGTT-1,B
CCGACACTGGTTTG-1,A
CCGACTACCCAGTA-1,B
CCGACTACCGTGTA-1,C
CCGACTACTGAGGG-1,E
CCGATAGACCTAAG-1,C
CCGATAGAGTTGGT-1,B
CCGCGAGACACACA-1,B
CCGCGAGAGGTTCA-1,E
CCGCTATGGGACGA-1,D
CCGCTATGTGCAAC-1,B
CCGCTATGTGCACA-1,B
CCGGTACTGTCCTC-1,C
CCGTACACAAGCAA-1,C
CCGTACACAGCGTT-1,D
CCGTACACGTCATG-1,E
CCGTACACGTTGGT-1,B
CCGTACACTAACGC-1,E
CCTAAACTTTCGTT-1,C
CCTAAGGACCCAAA-1,C
CCTAAGGACTAGCA-1,B
CCTAAGGAGGGCAA-1,E
CCTAAGGATGATGC-1,C
CCTAAGGATGTCAG-1,C
CCTACCGACTCTTA-1,C
CCTACCGAGGGATG-1,D
CCTAGAGAGGTGAG-1,D
CCTATAACCAAAGA-1,C
CCTATAACGAGACG-1,B
CCTATAACTCAGAC-1,C
CCTATAACTGCATG-1,G
CCTCGAACACTTTC-1,F
CCTCGAACCCGTAA-1,B
CCTCGAACGTATCG-1,A
CCTCGAACTTACTC-1,A
CCTCTACTCTTCGC-1,B
CCTCTACTGGCATT-1,C
CCTGACTGAAGTAG-1,E
CCTGACTGGGGAGT-1,C
CCTGACTGTGTCTT-1,D
CCTGCAACACGTTG-1,B
CCTGGACTCGTGAT-1,A
CCTTAATGCCCAAA-1,D
CCTTAATGTTCTAC-1,G
CCTTCACTACGACT-1,C
CCTTCACTCAGTCA-1,D
CCTTCACTGGAGTG-1,B
CCTTTAGATTCATC-1,B
CGAACATGCCCTAC-1,B
CGAACATGTCAGAC-1,A
CGAAGACTGGAACG-1,E
CGAAGACTGTTACG-1,A
CGAAGGGAAACCTG-1,E
CGAAGGGATCCGAA-1,D
CGAAGTACCAACTG-1,D
CGAATCGAGGAGCA-1,B
CGAATCGAGGAGGT-1,A
CGACAAACCCATAG-1,H
CGACAAACCGACAT-1,D
CGACCACTAAAGTG-1,F
CGACCACTGCCAAT-1,F
CGACCGGAAGGTCT-1,C
CGACCGGATGGAAA-1,A
CGACCTTGCTAGTG-1,A
CGACGTCTATCGTG-1,H
CGACGTCTCGTGTA-1,H
CGACGTCTGAGGCA-1,H
CGACTCACGTCGTA-1,C
CGACTCACGTTGCA-1,H
CGACTCTGTGTGAC-1,A
CGACTGCTTCCTCG-1,B
CGAGAACTAAGGCG-1,E
CGAGAACTACGTTG-1,C
CGAGAACTTGTTCT-1,B
CGAGATTGGACACT-1,E
CGAGATTGGCCATA-1,E
CGAGCCGAACACCA-1,A
CGAGCCGAGGCGAA-1,H
CGAGCGTGCTCCAC-1,A
CGAGCGTGGATACC-1,A
CGAGCGTGTATGCG-1,B
CGAGGAGACCTCCA-1,D
CGAGGAGATGTCGA-1,C
CGAGGCACCTATGG-1,E
CGAGGCACTATGCG-1,B
CGAGGCACTCTTCA-1,E
CGAGGCTGACGCTA-1,F
CGAGGCTGGCAGTT-1,B
CGAGGGCTACGACT-1,D
CGAGGGCTCGAATC-1,C
CGAGTATGTCACCC-1,G
CGATACGAACAGTC-1,B
CGATACGACAGGAG-1,I
CGATACGATTCACT-1,D
CGATAGACCCGTAA-1,B
CGATAGACCGTACA-1,A
CGATAGACGTAGGG-1,B
CGATAGACTGTTCT-1,A
CGATCAGAAGAACA-1,E
CGATCAGAGAGGGT-1,A
CGATCAGAGGTACT-1,A
CGATCAGATGTGAC-1,I
CGATCCACCGGGAA-1,E
CGATCCACTTCCAT-1,D
CGCAAATGCTCGAA-1,H
CGCAACCTCCTTGC-1,A
CGCAACCTGGACGA-1,H
CGCACGGAGGACGA-1,D
CGCACGGATCTTTG-1,C
CGCACTACAGAATG-1,C
CGCACTACAGCCAT-1,A
CGCACTACATTGGC-1,H
CGCACTACTCGCCT-1,D
CGCACTACTCGTGA-1,E
CGCACTTGTCACGA-1,B
CGCAGGACAGATCC-1,E
CGCAGGACCTACTT-1,C
CGCAGGACTTGTCT-1,G
CGCAGGTGCACTGA-1,A
CGCAGGTGCCATAG-1,G
CGCAGGTGGGAACG-1,A
CGCATAGATCACGA-1,B
CGCCATACTGCAAC-1,A
CGCCATTGAGAGGC-1,C
CGCCATTGCTATGG-1,A
CGCCATTGGAGACG-1,A
CGCCATTGGAGCAG-1,D
CGCCATTGTACTGG-1,D
CGCCGAGAGCTTAG-1,F
CGCCTAACGAATGA-1,I
CGCCTAACTGCTCC-1,A
CGCGAGACACAGCT-1,E
CGCGAGACAGGTCT-1,D
CGCGAGACGCTACA-1,E
CGCGATCTCAGTCA-1,B
CGCGATCTGTTGAC-1,B
CGCGATCTTTCTTG-1,D
CGCGGATGGCCAAT-1,A
CGCTAAGAATGTCG-1,A
CGCTAAGACAACTG-1,C
CGCTAAGACCCTTG-1,A
CGCTACTGAACAGA-1,B
CGCTACTGAGAACA-1,A
CGCTACTGTGAGCT-1,C
CGCTACTGTTCCCG-1,E
CGCTCATGCATTTC-1,B
CGGAATTGGTTTGG-1,A
CGGAATTGTGGAGG-1,A
CGGACCGATGCGTA-1,E
CGGACCGATGGGAG-1,C
CGGACTCTAAACAG-1,D
CGGACTCTCCAATG-1,A
CGGACTCTCCTCGT-1,E
CGGAGGCTATTCCT-1,H
CGGAGGCTTGGATC-1,H
CGGATAACAACGAA-1,B
CGGATAACAGCTCA-1,A
CGGATAACTCAGTG-1,B
CGGCACGAACTCAG-1,E
CGGCACGAAGGGTG-1,C
CGGCACGACTACGA-1,G
CGGCATCTTAGAAG-1,E
CGGCATCTTCGTAG-1,B
CGGCCAGAAAGGTA-1,C
CGGCCAGAGAGGCA-1,E
CGGCGAACCAGTCA-1,B
CGGCGAACGACAAA-1,F
CGGCGAACGGTCTA-1,A
CGGCGAACTACTTC-1,F
CGGGACTGCGTGTA-1,C
CGGGACTGGAATAG-1,E
CGGGCATGACCCAA-1,E
CGGGCATGTCTCTA-1,F
CGGGCATGTTGTGG-1,C
CGGTAAACTCGCAA-1,E
CGGTCACTGTTTGG-1,A
CGGTCACTTACTTC-1,A
CGTAACGATCGCCT-1,A
CGTACCACACACAC-1,A
CGTACCACACGTTG-1,C
CGTACCACCTCATT-1,C
CGTACCACGGAGCA-1,A
CGTACCTGGCATCA-1,F
CGTAGCCTCTCTCG-1,B
CGTAGCCTGCGAAG-1,A
CGTAGCCTGTATGC-1,B
CGTCAAGAAAGGTA-1,B
CGTCAAGAACGTGT-1,C
CGTCAAGACAGAGG-1,A
CGTCAAGACAGGAG-1,E
CGTCCATGCTCTTA-1,A
CGTCGACTTTCCGC-1,E
CGTGATGACGCTAA-1,C
CGTGATGAGGTTCA-1,E
CGTGCACTTATGGC-1,B
CGTGTAGAAAAACG-1,A
CGTGTAGACGATAC-1,F
CGTGTAGAGTTACG-1,F
CGTGTAGAGTTCAG-1,B
CGTGTAGATTCGGA-1,F
CGTTAGGAAACCAC-1,C
CGTTAGGATCATTC-1,B
CGTTATACCCTGAA-1,E
CGTTTAACTGGTCA-1,A
CTAAACCTCTGACA-1,F
CTAAACCTGTGCAT-1,D
CTAACACTAACGTC-1,A
CTAACACTAGTGCT-1,B
CTAACGGAACCGAT-1,F
CTAACGGATTTCTG-1,C
CTAACTACGGCAAG-1,E
CTAAGGACACCATG-1,C
CTAAGGACCGTTAG-1,A
CTAAGGACGCCATA-1,B
CTAAGGTGCCTAAG-1,D
CTAAGGTGTTGCAG-1,A
CTAAGGTGTTTCTG-1,H
CTAATAGAGCTATG-1,H
CTAATGCTTGTGGT-1,B
CTACAACTCCCGTT-1,E
CTACCTCTCAACCA-1,A
CTACGCACACCTAG-1,G
CTACGCACTCTCCG-1,A
CTACGCACTGGTCA-1,E
CTACGGCTTTCTTG-1,B
CTACTATGAACCAC-1,B
CTACTATGATGTGC-1,B
CTACTATGCTAAGC-1,E
CTACTATGTAAAGG-1,D
CTACTCCTATGTCG-1,F
CTACTCCTGCCATA-1,B
CTAGAGACACTTTC-1,A
CTAGAGACAGCATC-1,E
CTAGAGACTTTGGG-1,G
CTAGATCTCTCTAT-1,A
CTAGATCTTCGACA-1,A
CTAGGATGAGCCTA-1,I
CTAGGATGATCGTG-1,D
CTAGGCCTCTCAGA-1,A
CTAGGTGATGGTTG-1,G
CTAGTTACCAGAGG-1,A
CTAGTTACCGCATA-1,C
CTAGTTACGAAACA-1,F
CTATAAGATCGTTT-1,D
CTATACTGAGGTTC-1,B
CTATACTGCCAGTA-1,C
CTATACTGCGCTAA-1,B
CTATACTGCTACGA-1,F
CTATACTGTCTCAT-1,F
CTATACTGTTCGTT-1,I
CTATAGCTGTCACA-1,C
CTATAGCTTCGCTC-1,B
CTATAGCTTGCCTC-1,B
CTATCAACGAACTC-1,C
CTATCAACGCAGAG-1,A
CTATCAACTTTGGG-1,C
CTATCCCTCCACCT-1,B
CTATGTACGAGAGC-1,A
CTATGTACGCTTAG-1,A
CTATGTACTGTTTC-1,D
CTATGTTGAAAGCA-1,A
CTATGTTGTCCTCG-1,C
CTATGTTGTCTCGC-1,A
CTATTGACAAACGA-1,B
CTATTGACACTGGT-1,B
CTATTGACGGTGAG-1,G
CTATTGTGGCAAGG-1,H
CTCAATTGGTTCAG-1,A
CTCAATTGGTTGCA-1,B
CTCAGAGATAGAAG-1,C
CTCAGCACTCTAGG-1,A
CTCAGCACTGAACC-1,B
CTCAGCACTTGCAG-1,H
CTCAGCTGAACCTG-1,B
CTCAGCTGCAGTTG-1,E
CTCAGGCTCGTTGA-1,G
CTCAGGCTGCTAAC-1,A
CTCATTGACCTTAT-1,A
CTCATTGATGCTTT-1,B
CTCCACGAGAGATA-1,I
CTCCATCTCTTAGG-1,C
CTCCATCTGACGAG-1,A
CTCCGAACAAGTGA-1,G
CTCCTACTGCCTTC-1,B
CTCGAAGATGTGGT-1,C
CTCGAAGATTAGGC-1,B
CTCGACTGCTCTAT-1,C
CTCGACTGGGTGAG-1,H
CTCGACTGGTTGAC-1,F
CTCGAGCTCTGGAT-1,E
CTCGCATGACTTTC-1,A
CTCGCATGCTTAGG-1,A
CTCTAAACCTCGAA-1,C
CTCTAAACGGCGAA-1,C
CTCTAATGTCCAAG-1,B
CTGAACGACAGTCA-1,A
CTGAACGATGAGGG-1,A
CTGAAGACCCAACA-1,A
CTGAAGACGTGCAT-1,D
CTGAAGTGAAGCCT-1,G
CTGAAGTGCAGCTA-1,D
CTGAAGTGGCTATG-1,C
CTGAAGTGTCCAGA-1,A
CTGAATCTGAATAG-1,A
CTGACAGAATCGTG-1,E
CTGACCACAGCAAA-1,A
CTGAGAACCGGGAA-1,A
CTGAGAACGTAAAG-1,F
CTGATACTAGTAGA-1,C
CTGATTTGGTGTTG-1,B
CTGCAGCTAACCGT-1,C
CTGCAGCTGACACT-1,C
CTGCAGCTGGATTC-1,B
CTGCAGCTTGGCAT-1,A
CTGCCAACAGGAGC-1,E
CTGCCAACCAGCTA-1,C
CTGCCAACTAACCG-1,B
CTGCCAACTGCTCC-1,E
CTGCCAACTTGCAG-1,C
CTGCCAACTTGCTT-1,E
CTGCGACTCCACCT-1,E
CTGGAAACAAACGA-1,E
CTGGAAACATCGAC-1,A
CTGGATGACTGGAT-1,E
CTGGATGACTTGTT-1,H
CTGGATGATGTGAC-1,D
CTGGCACTCAAGCT-1,B
CTGTAACTAACCAC-1,A
CTGTAACTAGCGTT-1,C
CTGTATACGTAAAG-1,E
CTGTATACGTACGT-1,B
CTGTATACGTTGGT-1,A
CTGTGAGACAACCA-1,G
CTGTGAGACCTTGC-1,E
CTGTGAGACGAACT-1,B
CTGTGAGACTGTAG-1,B
CTTAAAGAACCTGA-1,C
CTTAACACCTGTAG-1,A
CTTAACACTATCGG-1,D
CTTAAGCTACCTAG-1,C
CTTAAGCTAGTACC-1,E
CTTAAGCTCATCAG-1,C
CTTAAGCTCCGCTT-1,D
CTTACAACTAACGC-1,C
CTTACAACTCCCGT-1,B
CTTACTGACGTACA-1,C
CTTAGACTAAACGA-1,A
CTTAGGGACTTGCC-1,A
CTTAGGGAGAATCC-1,C
CTTATCGACTCATT-1,A
CTTCACCTACCTGA-1,G
CTTCATGAAGCATC-1,D
CTTCATGAAGTACC-1,H
CTTCATGACCGAAT-1,E
CTTGAACTACGCAT-1,H
CTTGATTGAGGTTC-1,E
CTTGATTGATCTTC-1,B
CTTGATTGCATTCT-1,A
CTTGATTGTTTCGT-1,A
CTTGTATGACACCA-1,D
CTTGTATGCGCAAT-1,D
CTTTACGAGCGAAG-1,C
CTTTAGACCGTGAT-1,H
CTTTAGACGAGACG-1,H
CTTTAGACGATACC-1,C
CTTTAGACGTTGGT-1,E
CTTTAGACTCATTC-1,E
CTTTAGTGACGGGA-1,F
CTTTAGTGGGTGGA-1,C
CTTTCAGAGAAACA-1,A
CTTTGATGAGCACT-1,A
CTTTGATGTCTAGG-1,E
CTTTGATGTGTCCC-1,A
CTTTGATGTGTGGT-1,C
GAAACAGAACTACG-1,A
GAAACAGAATCACG-1,A
GAAACAGACATTCT-1,C
GAAACCTGATCGTG-1,C
GAAACCTGATGCCA-1,A
GAAACCTGCTTATC-1,A
GAAACCTGGACTAC-1,G
GAAACCTGTGCTAG-1,A
GAAAGATGATTTCC-1,A
GAAAGATGCTGATG-1,G
GAAAGATGCTTCGC-1,B
GAAAGATGTAAGGA-1,H
GAAAGCCTACGTTG-1,D
GAAAGTGAAAGTGA-1,I
GAAAGTGACCACAA-1,B
GAAAGTGACTCAAG-1,A
GAAATACTACCAAC-1,B
GAAATACTCTTAGG-1,D
GAAATACTTCCTCG-1,A
GAACACACGTGCAT-1,B
GAACACACTGCCTC-1,C
GAACAGCTAACTGC-1,B
GAACAGCTCTCAGA-1,G
GAACCAACCACAAC-1,H
GAACCAACTTCCGC-1,F
GAACCTGAACGTGT-1,E
GAACCTGAGAGACG-1,A
GAACCTGATGAACC-1,A
GAACGGGATACTTC-1,C
GAACTGTGACCTGA-1,G
GAACTGTGCCAGTA-1,B
GAAGAATGCAATCG-1,C
GAAGCGGACCTATT-1,B
GAAGCTACGAATGA-1,B
GAAGCTACGGTTTG-1,A
GAAGGGTGAAAGTG-1,A
GAAGGGTGCTTAGG-1,B
GAAGGTCTGAAAGT-1,A
GAAGGTCTGTTGCA-1,C
GAAGGTCTTAAAGG-1,I
GAAGTAGACTCCCA-1,E
GAAGTAGATCCAAG-1,G
GAAGTCACCCTCGT-1,B
GAAGTCACCCTGTC-1,D
GAAGTCTGTCGCAA-1,D
GAAGTCTGTTCTGT-1,C
GAAGTGCTAAACGA-1,F
GAAGTGCTCCGCTT-1,B
GAAGTGCTTAACCG-1,A
GAATGCACCCTAAG-1,A
GAATGCACCTTCGC-1,F
GAATGCTGCGGTAT-1,C
GAATTAACGATAAG-1,C
GAATTAACGGTCAT-1,A
GAATTAACGTCGTA-1,F
GAATTAACTGAAGA-1,D
GACAACACAGGCGA-1,H
GACAACACATCGTG-1,C
GACAACACTCGCCT-1,C
GACAACTGAGGTTC-1,A
GACAGGGAAGAGTA-1,D
GACAGGGAATGCCA-1,A
GACAGTACGAGCTT-1,G
GACAGTACTTCGGA-1,G
GACAGTTGAGTAGA-1,D
GACATTCTCCACCT-1,I
GACCAAACGACTAC-1,B
GACCAAACGTATCG-1,B
GACCCTACTAAAGG-1,D
GACCTAGACCTCAC-1,H
GACCTAGACGAGAG-1,A
GACCTCACAAGGTA-1,C
GACCTCACGTACGT-1,B
GACCTCTGCATCAG-1,C
GACGAACTCCCACT-1,C
GACGATTGCCAATG-1,D
GACGCCGACCTTCG-1,A
GACGCTCTCTCTCG-1,J
GACGGCACACGGGA-1,F
GACGGCACGAGATA-1,B
GACGTAACCTATGG-1,A
GACGTAACCTGTGA-1,A
GACGTAACTATGGC-1,A
GACGTATGTTGACG-1,C
GACGTATGTTTGCT-1,C
GACGTCCTACGGAG-1,A
GACGTCCTCTCAAG-1,B
GACGTCCTGATAAG-1,D
GACTACGATGGTCA-1,D
GACTCCTGCTCGCT-1,C
GACTCCTGGGTTAC-1,C
GACTCCTGTTATCC-1,A
GACTCCTGTTGGTG-1,B
GACTGAACCAATCG-1,B
GACTGATGTGATGC-1,C
GACTTTACATGCCA-1,C
GACTTTACGACAGG-1,D
GAGAAATGTTCTCA-1,D
GAGATAGAAAAAGC-1,B
GAGATCACGACAAA-1,G
GAGATGCTCTGGAT-1,E
GAGATGCTGAATGA-1,A
GAGCAGGATTCCCG-1,E
GAGCATACTTTGCT-1,G
GAGCGCACGCGTAT-1,B
GAGCGCACGGTGAG-1,E
GAGCGCTGAAGATG-1,F
GAGCGCTGTCTTAC-1,B
GAGCGGCTGGGAGT-1,D
GAGGACGACTCAGA-1,E
GAGGATCTGAAAGT-1,D
GAGGCAGACTTGCC-1,E
GAGGGAACACCAGT-1,A
GAGGGAACGAGGGT-1,A
GAGGGATGGGAAAT-1,A
GAGGGCCTTCACCC-1,A
GAGGGTGAAGAGTA-1,C
GAGGTACTACGGTT-1,H
GAGGTACTACTCAG-1,B
GAGGTACTGACACT-1,F
GAGGTACTGGGAGT-1,A
GAGGTACTTAGCGT-1,B
GAGGTGGAGTACGT-1,C
GAGGTGGATCCTCG-1,F
GAGGTTACTCGTTT-1,B
GAGGTTTGTAAGCC-1,B
GAGTCAACCATTCT-1,H
GAGTCAACGGGAGT-1,H
GAGTCTGATCGTGA-1,A
GAGTCTGATTTGGG-1,D
GAGTGACTCAGCTA-1,A
GAGTGACTCGGTAT-1,E
GAGTGACTCTTGCC-1,D
GAGTGACTGACTAC-1,D
GAGTGACTGTCTAG-1,C
GAGTGGGAGTCTTT-1,D
GAGTGGGATGCCCT-1,H
GAGTGGGATGCTGA-1,D
GAGTGTTGCTGTAG-1,A
GAGTGTTGTGGTCA-1,C
GAGTTGTGCATGGT-1,B
GAGTTGTGCTGAGT-1,E
GAGTTGTGGCGAGA-1,B
GAGTTGTGGTAGCT-1,J
GAGTTGTGTATGCG-1,G
GATAAGGAGAAACA-1,B
GATAAGGATTCACT-1,B
GATACTCTATCGGT-1,C
GATACTCTTACTTC-1,C
GATACTCTTGACTG-1,B
GATAGAGAAGGGTG-1,E
GATAGAGACTGTGA-1,A
GATAGAGATCACGA-1,B
GATAGCACCCATAG-1,A
GATAGCACGAAGGC-1,B
GATAGCACTTGTCT-1,C
GATATAACAAGGTA-1,A
GATATAACACGCAT-1,C
GATATATGCTGGAT-1,C
GATATATGTCCGTC-1,E
GATATATGTGGAGG-1,B
GATATCCTAGAAGT-1,C
GATATCCTCCCGTT-1,B
GATATTGACAGGAG-1,E
GATATTGACGAGTT-1,G
GATATTGAGCCAAT-1,C
GATCCCTGACCTTT-1,F
GATCCCTGTGTAGC-1,E
GATCCGCTGGTCAT-1,B
GATCGAACCGAGAG-1,E
GATCGATGACTAGC-1,D
GATCGATGGTAAAG-1,D
GATCGATGTAAGGA-1,B
GATCGTGACACTAG-1,C
GATCGTGATTCACT-1,A
GATCTACTGGTGAG-1,A
GATCTACTTTGCAG-1,D
GATCTTACACCCAA-1,G
GATCTTACCCTACC-1,A
GATCTTACGAATAG-1,B
GATCTTACGAGATA-1,B
GATGCAACTCCAGA-1,A
GATGCCCTACGTAC-1,A
GATGCCCTCTCATT-1,C
GATGCCCTGGCAAG-1,B
GATGCCCTTTTGCT-1,A
GATTACCTTGTTCT-1,C
GATTCGGAACGACT-1,H
GATTCGGACAGGAG-1,B
GATTCGGAGAAGGC-1,G
GATTCTTGATTCGG-1,B
GATTCTTGCCGATA-1,C
GATTCTTGCGAGTT-1,D
GATTGGACCCGTTC-1,D
GATTGGACGGTGTT-1,D
GATTGGACTTTCGT-1,D
GATTGGTGTGTCAG-1,A
GATTTAGACACTCC-1,G
GATTTAGACTAAGC-1,D
GATTTAGATTCGTT-1,B
GATTTGCTAACGAA-1,C
GATTTGCTAACGGG-1,B
GCAACCCTCCTCGT-1,B
GCAACTGATTGCGA-1,C
GCAAGACTACTGGT-1,A
GCAAGACTAGGTCT-1,A
GCAAGACTCCCTTG-1,A
GCAATCGACTGCAA-1,E
GCAATCGAGACGTT-1,B
GCAATCGATCCTTA-1,B
GCAATTCTCGTGTA-1,A
GCAATTCTTCTCCG-1,A
GCACAAACAATGCC-1,E
GCACAAACGGTACT-1,A
GCACAATGGTGCAT-1,B
GCACACCTGTGCTA-1,F
GCACCACTCATGAC-1,B
GCACCACTGTTTGG-1,B
GCACCACTTCCTTA-1,F
GCACCACTTTCGGA-1,B
GCACCTACGCGATT-1,A
GCACCTTGGCTGTA-1,C
GCACCTTGGGGAGT-1,B
GCACGGACCAGCTA-1,A
GCACGGTGACCTCC-1,C
GCACGGTGCTATGG-1,B
GCACTAGAACGGGA-1,A
GCACTAGAAGATGA-1,D
GCACTAGACCTTTA-1,G
GCACTAGACGTAAC-1,D
GCACTAGAGTCGTA-1,F
GCACTAGATGCAAC-1,A
GCACTGCTGAGGCA-1,A
GCAGATACAGCGTT-1,E
GCAGATACGACGGA-1,C
GCAGATACGCAGAG-1,A
GCAGCCGACAGTCA-1,C
GCAGCGTGCACTCC-1,C
GCAGCTCTCAATCG-1,C
GCAGCTCTGTTTCT-1,A
GCAGGGCTAAGAAC-1,H
GCAGGGCTAAGGGC-1,C
GCAGGGCTATCGAC-1,F
GCAGGGCTTGGGAG-1,E
GCAGTCCTAACTGC-1,C
GCAGTCCTCTCTTA-1,C
GCATCAGATGCGTA-1,E
GCATGTGACAAGCT-1,C
GCATTGGAGAAGGC-1,A
GCCAAAACGAGGCA-1,E
GCCAAATGATCGAC-1,E
GCCAACCTACGGTT-1,C
GCCAACCTCGCCTT-1,C
GCCACGGAGGCGAA-1,B
GCCACGGATACTGG-1,H
GCCACTACGTCTTT-1,C
GCCCAACTACCGAT-1,C
GCCCAACTATGGTC-1,E
GCCCATACAGCGTT-1,I
GCCGACGAACTCTT-1,B
GCCGAGTGCGTTGA-1,A
GCCGGAACGAACTC-1,E
GCCGGAACGTTCTT-1,F
GCCGGAACTGCACA-1,F
GCCGGAACTTACTC-1,C
GCCGTACTACCTGA-1,H
GCCGTACTGGCAAG-1,B
GCCTACACAGTTCG-1,F
GCCTACACCACTGA-1,G
GCCTACACCTTGAG-1,C
GCCTAGCTACGGAG-1,D
GCCTAGCTCTATTC-1,A
GCCTAGCTTCTCAT-1,C
GCCTAGCTTCTCTA-1,G
GCCTCAACCATGGT-1,C
GCCTCAACTCTTTG-1,I
GCCTCATGTCTTAC-1,E
GCCTGACTCTCAAG-1,B
GCGAAGGAACTCTT-1,E
GCGAAGGAGAGCTT-1,I
GCGAAGGATGCCAA-1,C
GCGAGAGAGGGACA-1,A
GCGAGCACTGTCGA-1,D
GCGAGCACTTGACG-1,C
GCGAGCACTTGCTT-1,B
GCGATATGGTACGT-1,A
GCGATATGGTGTTG-1,H
GCGCACGAAGTCGT-1,H
GCGCACGACTTTAC-1,B
GCGCATCTAGGTCT-1,C
GCGCATCTGGTTAC-1,I
GCGCATCTTCGATG-1,C
GCGCATCTTGCTCC-1,F
GCGCATCTTTCTAC-1,C
GCGCGAACGTTCTT-1,D
GCGCGATGAACGGG-1,C
GCGCGATGGTGCAT-1,F
GCGGAGCTCCTGAA-1,A
GCGGCAACCCGATA-1,A
GCGGCAACGGAGGT-1,D
GCGGCAACTGTCGA-1,B
GCGTAAACACGGTT-1,I
GCGTAATGCACCAA-1,G
GCGTATGAACACCA-1,A
GCGTATGATGAGAA-1,B
GCTACAGAAAGGTA-1,C
GCTACAGAATCTTC-1,D
GCTACCTGAGAAGT-1,B
GCTACCTGATCACG-1,A
GCTACGCTAGAATG-1,C
GCTACGCTAGCTAC-1,A
GCTACGCTCCCTAC-1,A
GCTAGAACAGAGGC-1,D
GCTAGAACGGATCT-1,A
GCTAGAACTCCCGT-1,H
GCTAGATGAGCTCA-1,B
GCTAGATGGCGATT-1,E
GCTATACTAAGGCG-1,A
GCTATACTAGCGTT-1,E
GCTATACTCTCTTA-1,C
GCTATACTGGACGA-1,A
GCTCAAGAACCATG-1,G
GCTCAAGAAGTCAC-1,B
GCTCAGCTGTCTAG-1,H
GCTCCATGAGAAGT-1,E
GCTCCATGCCGAAT-1,C
GCTCGACTCTAGTG-1,B
GCTGATGAGGTATC-1,B
GCTTAACTACAGTC-1,B
GCTTAACTACTGGT-1,E
GCTTAACTGCTGAT-1,C
GCTTAACTTAGACC-1,B
GCTTAACTTCAGTG-1,A
GGAACACTCACTTT-1,B
GGAACACTTCAGAC-1,J
GGAACTACTACTTC-1,A
GGAACTTGAAGGTA-1,B
GGAACTTGAGAATG-1,C
GGAACTTGCTCCAC-1,B
GGAACTTGGGTAGG-1,D
GGAAGGACATCGGT-1,B
GGAAGGACCACTAG-1,A
GGAAGGACGAGGGT-1,A
GGAAGGACGCGAAG-1,A
GGAAGGTGGCGAGA-1,F
GGAATCTGAAGGGC-1,A
GGAATCTGAGGAGC-1,A
GGAATCTGCTTAGG-1,D
GGAATCTGCTTGTT-1,B
GGAATCTGGGAGGT-1,C
GGAATGCTTTCTAC-1,C
GGACAGGAAAGGGC-1,E
GGACAGGAGTGCTA-1,D
GGACAGGATCTCGC-1,A
GGACCCGAAGCTAC-1,B
GGACCGTGCTTACT-1,B
GGACCGTGGGAACG-1,I
GGACCGTGTAACGC-1,A
GGACCTCTGTAAGA-1,B
GGACCTCTTTTCTG-1,E
GGACGAGAGTGTCA-1,B
GGACGCTGACGCAT-1,E
GGACGCTGCTAGCA-1,C
GGACGCTGTCCTCG-1,F
GGAGAGACGTGAGG-1,A
GGAGCAGATTCAGG-1,D
GGAGCCACCTTCTA-1,D
GGAGCGCTACGCAT-1,B
GGAGCGCTCCGAAT-1,A
GGAGGATGCCACCT-1,H
GGAGGATGGTTGAC-1,B
GGAGGATGTCAGTG-1,B
GGAGGCCTCGTTGA-1,F
GGAGGCCTTTCTTG-1,C
GGAGGTGATACGCA-1,A
GGAGGTGATCGCTC-1,A
GGATACTGCAGCTA-1,H
GGATACTGTCTAGG-1,A
GGATAGCTCGTCTC-1,A
GGATAGCTCTGAAC-1,E
GGATGTACCAAAGA-1,D
GGATGTACGCGAAG-1,H
GGATGTACGTCTTT-1,B
GGATGTACGTGTCA-1,E
GGATTTCTAGGTTC-1,A
GGATTTCTTTGTCT-1,B
GGCAAGGAAAAAGC-1,F
GGCAAGGAAGAAGT-1,C
GGCAAGGACTTGGA-1,B
GGCAAGGAGGACTT-1,A
GGCAATACGCTAAC-1,D
GGCAATACGGCATT-1,E
GGCAATACGTTTCT-1,D
GGCACGTGGCTTAG-1,G
GGCACGTGTGAGAA-1,I
GGCACTCTTTTGTC-1,A
GGCATATGCTTATC-1,F
GGCATATGGGGAGT-1,J
GGCATATGTGTGAC-1,A
GGCCACGACAGAGG-1,H
GGCCAGACTGGTTG-1,A
GGCCCAGAAAGTAG-1,B
GGCCGAACAACGAA-1,C
GGCCGAACGCAGAG-1,H
GGCCGAACGTAGGG-1,C
GGCCGAACTCTAGG-1,F
GGCCGATGCAGGAG-1,A
GGCCGATGCCGAAT-1,A
GGCCGATGTACTCT-1,H
GGCGACACTGCCCT-1,E
GGCGACTGCGTAAC-1,A
GGCGCATGCCTAAG-1,G
GGCGCATGCTCCAC-1,A
GGCGCATGTGGAAA-1,C
GGCGGACTAGAGGC-1,A
GGCGGACTAGGAGC-1,E
GGCGGACTCTGACA-1,C
GGCGGACTCTTGGA-1,E
GGCGGACTTACTGG-1,C
GGCGGACTTGAACC-1,A
GGCTAAACACCTGA-1,F
GGCTAAACTCTTAC-1,A
GGCTAATGAGCACT-1,E
GGCTAATGGTCTAG-1,C
GGCTCACTACTCAG-1,B
GGGAACGAAGCTCA-1,G
GGGAACGACACAAC-1,D
GGGAACGAGTGTCA-1,B
GGGAAGTGTTGAGC-1,B
GGGACCACACGTTG-1,E
GGGACCACAGAACA-1,C
GGGACCACGAATAG-1,A
GGGACCACGTCATG-1,H
GGGACCACTCAAGC-1,C
GGGACCACTCGTGA-1,C
GGGACCACTGCATG-1,C
GGGACCTGACCCTC-1,B
GGGACCTGCTTGCC-1,C
GGGACCTGTGGAGG-1,D
GGGATGGACGACAT-1,D
GGGATGGATACTTC-1,A
GGGATGGATGGTTG-1,B
GGGATTACGTCTAG-1,A
GGGCAAGATGCATG-1,B
GGGCACACGGTGAG-1,G
GGGCACACGTTGCA-1,A
GGGCAGCTTGGGAG-1,E
GGGCAGCTTTTCTG-1,C
GGGCCAACCTTGGA-1,I
GGGCCAACGCGTTA-1,D
GGGCCAACTACGCA-1,B
GGGCCAACTCCAAG-1,D
GGGCCATGATGGTC-1,A
GGGCCATGTTGACG-1,A
GGGTAACTCAGCTA-1,C
GGGTAACTCTAGTG-1,D
GGGTAACTCTGGAT-1,H
GGGTTAACGTGCAT-1,F
GGTAAAGAGCTAAC-1,E
GGTACAACTGCAAC-1,A
GGTACATGAAAGCA-1,D
GGTACATGAGCTCA-1,A
GGTACATGCGGTAT-1,C
GGTACATGGTTACG-1,H
GGTACATGTGGGAG-1,A
GGTACTGAACTCTT-1,B
GGTAGTACACCACA-1,H
GGTAGTACACTAGC-1,B
GGTAGTACCCTGTC-1,C
GGTAGTACGCCATA-1,B
GGTAGTACTGTCTT-1,E
GGTATCGAGACAAA-1,B
GGTATCGATGAACC-1,D
GGTCAAACCAAAGA-1,A
GGTCTAGAGAAACA-1,B
GGTCTAGATAGCGT-1,B
GGTGATACCGACTA-1,D
GGTGATACGACTAC-1,B
GGTGATACTGTTTC-1,C
GGTGGAGAAACGGG-1,F
GGTGGAGAAGTAGA-1,H
GGTGGAGACAGATC-1,F
GGTGGAGATCGATG-1,A
GGTGGAGATCTCTA-1,B
GGTGGAGATTACTC-1,E
GGTTTACTACGCAT-1,E
GTAACGTGACCTCC-1,B
GTAACGTGATCGGT-1,D
GTAACGTGCAGCTA-1,D
GTAACGTGGTTGAC-1,D
GTAAGCACAACGGG-1,C
GTAAGCACTCATTC-1,D
GTAAGCTGGTACCA-1,B
GTAATAACCTTCTA-1,B
GTAATAACGTTGTG-1,C
GTACCCTGACAGTC-1,G
GTACCCTGGAGCTT-1,C
GTACCCTGTCCTTA-1,E
GTACCCTGTGAACC-1,A
GTACGTGAACGTTG-1,E
GTACTTTGTCGACA-1,E
GTAGACTGAGATGA-1,B
GTAGACTGTATTCC-1,C
GTAGCAACAGTCGT-1,B
GTAGCAACCATTTC-1,D
GTAGCAACGGTAGG-1,B
GTAGCATGCACTCC-1,D
GTAGCATGTAAGCC-1,B
GTAGCCCTGACGTT-1,C
GTAGCTGAAGCTAC-1,G
GTAGCTGAATTCGG-1,A
GTAGGTACACGGGA-1,B
GTAGTGACCTCATT-1,C
GTAGTGTGAGCGGA-1,F
GTAGTGTGAGGCGA-1,B
GTAGTGTGTGGTTG-1,H
GTATCACTGGTAGG-1,B
GTATCTACAGAAGT-1,E
GTATCTACGACGAG-1,E
GTATCTACGTTACG-1,A
GTATTAGAAACAGA-1,A
GTATTAGAGGTCTA-1,H
GTATTCACACAGCT-1,C
GTATTCACGGGTGA-1,E
GTCAACGACACTGA-1,A
GTCAACGAGTGTAC-1,B
GTCAATCTACACCA-1,E
GTCAATCTGTAGCT-1,E
GTCAATCTTGTGGT-1,C
GTCACCTGCCTCCA-1,A
GTCACCTGTCCCGT-1,C
GTCATACTAATCGC-1,D
GTCATACTGCGATT-1,E
GTCATACTTCGCCT-1,J
GTCATACTTTACCT-1,E
GTCATACTTTGACG-1,C
GTCCAAGAAAAACG-1,C
GTCCACTGACCTCC-1,C
GTCCACTGGGTACT-1,G
GTCCAGCTACGGGA-1,C
GTCCCATGTGGTGT-1,B
GTCGAATGAAGGCG-1,B
GTCGACCTGAATGA-1,F
GTCGACCTGTTCAG-1,H
GTCGCACTTGAGAA-1,D
GTCTAACTGGTCTA-1,G
GTCTAGGAGCTTCC-1,B
GTGAACACACTCTT-1,H
GTGAACACTCAGGT-1,C
GTGACCCTTAAGCC-1,E
GTGATGACAAGTGA-1,A
GTGATGACCTGAGT-1,D
GTGATGACGGTTTG-1,E
GTGATTCTCATTTC-1,A
GTGATTCTCTCTCG-1,B
GTGATTCTGGTTCA-1,F
GTGATTCTGTCGAT-1,C
GTGATTCTTAGCGT-1,D
GTGCCACTCAGGAG-1,H
GTGGATTGCACTAG-1,G
GTGGATTGCGGAGA-1,A
GTGGATTGTAACGC-1,C
GTGTACGATCAGTG-1,C
GTGTAGTGGGTACT-1,A
GTGTATCTAGCCTA-1,D
GTGTATCTAGTAGA-1,E
GTGTATCTGTTACG-1,D
GTGTCAGAAGCGTT-1,E
GTTAAAACCGAGAG-1,F
GTTAAATGCTCGAA-1,A
GTTAAATGTCGACA-1,D
GTTAACCTAGCTAC-1,A
GTTAACCTTGCTTT-1,I
GTTAGGTGCACTCC-1,H
GTTAGGTGCCAGTA-1,B
GTTAGGTGCCCAAA-1,G
GTTAGGTGGAACTC-1,D
GTTAGTCTAAGAAC-1,E
GTTATAGAGGACAG-1,C
GTTATGCTTTCATC-1,C
GTTCAACTGGGACA-1,F
GTTCAACTTATGCG-1,H
GTTGACGAGCCCTT-1,E
GTTGACGATATCGG-1,F
GTTGAGTGGTCTTT-1,B
GTTGAGTGTGCTTT-1,A
GTTGATCTGGGACA-1,H
GTTGATCTTTTCAC-1,E
GTTGGATGTTTACC-1,G
GTTGTACTATTCCT-1,B
GTTGTACTTTTGGG-1,C
GTTTAAGACCATGA-1,B
GTTTAAGACTGTCC-1,E
TAAACAACCAACCA-1,A
TAAACAACGAATCC-1,D
TAAAGACTCAGGAG-1,A
TAAATCGATGAGGG-1,A
TAACAATGTGCCCT-1,D
TAACACCTTCGCTC-1,B
TAACACCTTCGTAG-1,B
TAACACCTTGTTTC-1,J
TAACATGACACTAG-1,D
TAACCGGACTTACT-1,H
TAACGTCTCAACCA-1,B
TAACGTCTCATTGG-1,A
TAACTAGAATTTCC-1,A
TAACTAGACTTAGG-1,A
TAACTAGATCTGGA-1,C
TAACTCACGAGGAC-1,B
TAACTCACGTACAC-1,D
TAACTCACGTATCG-1,B
TAACTCACTCTACT-1,F
TAAGAACTGTGTCA-1,B
TAAGAGGACTAAGC-1,D
TAAGAGGACTTGTT-1,F
TAAGATACGGTTCA-1,B
TAAGATTGCGTAGT-1,C
TAAGATTGTTGCTT-1,A
TAAGCGTGAGGTTC-1,B
TAAGCGTGGACAAA-1,B
TAAGCGTGGGAAAT-1,C
TAAGCGTGTGCTCC-1,G
TAAGGCTGCCATGA-1,E
TAAGGCTGCTGCTC-1,C
TAAGGCTGTCTCGC-1,B
TAAGGGCTGCTGTA-1,A
TAAGGGCTTTACTC-1,A
TAAGTAACCGAGAG-1,D
TAAGTAACCTCCAC-1,D
TAAGTAACCTGTAG-1,A
TAAGTAACTTGTCT-1,H
TAATGATGAGCGGA-1,C
TAATGCCTCATGAC-1,A
TAATGCCTCGTCTC-1,F
TAATGTGAAGATGA-1,C
TAATGTGACTGCAA-1,B
TAATGTGATTACTC-1,C
TACAAATGGGTACT-1,A
TACAATGAAAACAG-1,B
TACAATGACTTAGG-1,A
TACAATGATGCTAG-1,E
TACACACTCACACA-1,A
TACACACTCTTACT-1,A
TACATAGAACGCAT-1,E
TACATCACACGGGA-1,H
TACATCACCTGTTT-1,G
TACATCACGCTAAC-1,D
TACATCACTGAACC-1,G
TACCATTGAGGTTC-1,C
TACCATTGCGGGAA-1,B
TACCATTGGGGATG-1,B
TACCATTGTGAGGG-1,B
TACCGGCTGTTGGT-1,C
TACGAGTGATCTCT-1,A
TACGAGTGATGCTG-1,B
TACGAGTGCGGAGA-1,A
TACGAGTGGTTGGT-1,A
TACGATCTAGTGTC-1,H
TACGATCTCACTGA-1,B
TACGATCTTACGAC-1,E
TACGCAGAGAATCC-1,F
TACGCCACATTCCT-1,A
TACGCCACTCCCAC-1,G
TACGCCACTCCGAA-1,D
TACGGAACGCGTTA-1,D
TACGGCCTGGGACA-1,F
TACGTACTACGGAG-1,A
TACGTACTCAGTTG-1,A
TACGTACTCCCGTT-1,D
TACGTTACAGAAGT-1,A
TACGTTACCAAGCT-1,B
TACTAAGAAAGGTA-1,D
TACTAAGAATCACG-1,H
TACTAAGATGATGC-1,B
TACTAAGATTGCGA-1,C
TACTACACGAGAGC-1,A
TACTACACTTACCT-1,D
TACTACTGAACCTG-1,B
TACTACTGATGTCG-1,E
TACTACTGATTCTC-1,C
TACTACTGTATGGC-1,C
TACTCAACGGTCTA-1,B
TACTCAACTGCTAG-1,D
TACTCCCTCAGTTG-1,A
TACTCTGAATCGAC-1,F
TACTCTGACGAGTT-1,A
TACTCTGATTGACG-1,D
TACTGGGATCGATG-1,A
TACTGTTGAAAGCA-1,A
TACTGTTGAGGCGA-1,F
TACTGTTGCTGAAC-1,I
TACTTGACTCCTCG-1,E
TACTTGACTGGTGT-1,D
TACTTTCTTTTGGG-1,E
TAGAAACTAATCGC-1,C
TAGAAACTGCTTCC-1,B
TAGAAACTGGGATG-1,E
TAGAATTGCGACAT-1,C
TAGAATTGTATCGG-1,C
TAGACGTGCTTGAG-1,H
TAGACGTGTCGCTC-1,C
TAGAGCACCTTACT-1,D
TAGATTGACTTGTT-1,D
TAGATTGAGGCATT-1,E
TAGCATCTCAGCTA-1,F
TAGCATCTCCCTCA-1,E
TAGCATCTGCTGTA-1,G
TAGCATCTGGGACA-1,C
TAGCATCTTGTCGA-1,C
TAGCCCACAAAAGC-1,A
TAGCCCACAGCCAT-1,E
TAGCCCACAGCTAC-1,F
TAGCCCACCCACAA-1,C
TAGCCCTGCGGAGA-1,H
TAGCCGCTTACGAC-1,A
TAGCCGCTTACTTC-1,E
TAGCCGCTTTCCAT-1,B
TAGCTACTGAATAG-1,D
TAGCTACTGTAGCT-1,A
TAGCTACTTTTGCT-1,E
TAGGACTGTGCTGA-1,A
TAGGAGCTAAGGCG-1,D
TAGGAGCTGAGGGT-1,A
TAGGAGCTTGCATG-1,D
TAGGCAACCGTCTC-1,D
TAGGCATGCTCTCG-1,I
TAGGCATGGCGAGA-1,E
TAGGCTGATGCCTC-1,B
TAGGGACTGAACTC-1,F
TAGGTCGACACTGA-1,C
TAGGTCGAGGATCT-1,D
TAGGTGACACACTG-1,A
TAGGTGACACGTTG-1,D
TAGGTGTGTTCTGT-1,A
TAGGTTCTGAAGGC-1,A
TAGGTTCTTCTTAC-1,G
TAGGTTCTTGCTGA-1,B
TAGTAAACCTCGCT-1,C
TAGTAAACGTCACA-1,A
TAGTAATGAGATCC-1,C
TAGTACCTAAGAAC-1,B
TAGTATGATCTTAC-1,D
TAGTATGATTCTCA-1,A
TAGTCTTGGCTGTA-1,H
TAGTCTTGGGACTT-1,H
TAGTCTTGTGGAAA-1,E
TAGTGGTGAAGTGA-1,F
TAGTTAGAACCACA-1,F
TAGTTAGATGAACC-1,H
TATAAGACAACAGA-1,H
TATAAGACAGCTCA-1,G
TATAAGTGACACCA-1,G
TATAAGTGTATCGG-1,B
TATAAGTGTGGTGT-1,G
TATACAGAACCCTC-1,E
TATACAGAAGAACA-1,C
TATACAGATCCAGA-1,A
TATACCACCTGATG-1,D
TATACGCTACCAAC-1,A
TATAGATGGACGGA-1,A
TATAGATGTTCCGC-1,G
TATCCAACCAGCTA-1,B
TATCCAACTCTCTA-1,E
TATCGACTACTAGC-1,F
TATCGACTCGATAC-1,G
TATCGTACAGATGA-1,E
TATCGTACATTCCT-1,B
TATCTCGAGAGATA-1,H
TATCTGACAGGTTC-1,E
TATCTGACTGTTTC-1,E
TATCTTCTAAACAG-1,C
TATGAATGGAGGAC-1,E
TATGAATGTTTGCT-1,G
TATGCGGATAACCG-1,A
TATGGGTGCATCAG-1,F
TATGGGTGCTAGCA-1,D
TATGGTCTCTACCC-1,C
TATGTCACGGAACG-1,D
TATGTCACTAACCG-1,B
TATGTCACTTCTCA-1,D
TATGTGCTCCGATA-1,B
TATGTGCTGGATTC-1,C
TATTGCTGAAGAAC-1,B
TATTGCTGCCGTTC-1,D
TATTGCTGTCTGGA-1,C
TATTGCTGTGCACA-1,E
TATTTCCTATTGGC-1,B
TATTTCCTGGAGGT-1,F
TATTTCCTGGTGTT-1,C
TCAACACTGTTTGG-1,F
TCAAGGACAGCGTT-1,C
TCAAGGACATTCTC-1,E
TCAAGGACGGTGTT-1,B
TCAATCACACTCTT-1,E
TCAATCACAGTCGT-1,G
TCACAACTATGTGC-1,A
TCACAACTTTGCTT-1,B
TCACATACACTTTC-1,E
TCACATACAGGGTG-1,C
TCACCCGAGACGGA-1,B
TCACCGTGCTCGCT-1,G
TCACCTCTACGACT-1,E
TCACCTCTTCCAAG-1,G
TCACGAGAGGAGGT-1,D
TCACTATGGGGCAA-1,E
TCACTATGGTTGTG-1,D
TCAGACGACGCTAA-1,A
TCAGACGACGTTAG-1,F
TCAGAGACTCCAGA-1,H
TCAGCAGACTCCAC-1,A
TCAGCGCTCTAGTG-1,E
TCAGCGCTGGATCT-1,D
TCAGCGCTGGTATC-1,E
TCAGGATGAAGTAG-1,C
TCAGGATGCCTTTA-1,G
TCAGTGGAAGATCC-1,E
TCAGTTACCTACGA-1,B
TCAGTTACTAGAAG-1,A
TCATCAACCCGATA-1,C
TCATCAACTGTTCT-1,B
TCATCATGCAGTTG-1,C
TCATCCCTTACTGG-1,A
TCATTCGATACAGC-1,G
TCCACGTGGAAACA-1,C
TCCACTCTACACTG-1,A
TCCACTCTGAGCTT-1,B
TCCACTCTTACTTC-1,D
TCCATAACAAAGTG-1,C
TCCATAACCGTAGT-1,D
TCCATAACGATGAA-1,A
TCCATAACTACGCA-1,C
TCCATCCTCCCTAC-1,E
TCCCACGATCATTC-1,A
TCCCATCTCAAAGA-1,B
TCCCGAACACAGTC-1,F
TCCCGAACTTCGCC-1,G
TCCCGATGAGATCC-1,A
TCCCGATGCCTGAA-1,B
TCCCTACTCAACTG-1,D
TCCGAAGACAATCG-1,B
TCCGAAGACGTTAG-1,A
TCCGGACTGAGGTG-1,A
TCCGGACTGTACGT-1,E
TCCTAAACATCGAC-1,E
TCCTAAACCGAGAG-1,A
TCCTAAACCGCATA-1,F
TCCTAATGGTTTGG-1,E
TCCTACCTGTCGTA-1,A
TCCTATGAAAAGCA-1,E
TCGAATCTCTGGTA-1,E
TCGACCTGCCGATA-1,G
TCGACGCTTCTATC-1,B
TCGACGCTTTGACG-1,A
TCGAGAACGACAGG-1,E
TCGAGAACGTTAGC-1,A
TCGAGCCTATCAGC-1,D
TCGAGCCTGCGAGA-1,E
TCGAGCCTTGTGAC-1,C
TCGATACTATTCCT-1,E
TCGATACTTGCACA-1,A
TCGATTTGATGCCA-1,B
TCGATTTGCACTCC-1,C
TCGATTTGCAGCTA-1,F
TCGATTTGCCTACC-1,B
TCGATTTGTCGTGA-1,D
TCGCAGCTAGATCC-1,E
TCGCCATGAGACTC-1,C
TCGCCATGTGGTCA-1,D
TCGGACCTAACAGA-1,C
TCGGACCTATAAGG-1,D
TCGGACCTGTACAC-1,A
TCGGTAGAGTAGGG-1,C
TCGGTAGATCCCAC-1,D
TCGTAGGATCGACA-1,A
TCGTTATGGACAAA-1,A
TCTAACACCAGTTG-1,F
TCTAACACGAGCAG-1,I
TCTAACTGAACCAC-1,A
TCTAAGCTAATGCC-1,A
TCTAAGCTTAGTCG-1,E
TCTAAGCTTCTAGG-1,G
TCTAAGCTTGTTCT-1,B
TCTAAGCTTTCGCC-1,D
TCTACAACGACTAC-1,B
TCTAGACTTAGAAG-1,B
TCTAGTTGCACCAA-1,B
TCTATGTGAAGAGT-1,B
TCTATGTGAGTCTG-1,E
TCTCAAACCTAAGC-1,D
TCTCTAGAATTTCC-1,A
TCTGATACACGTGT-1,C
TCTGATACTCGCCT-1,C
TCTTACGAACCTGA-1,B
TCTTCAGAGCTACA-1,B
TCTTGATGCGGAGA-1,E
TGAAATTGGTGAGG-1,B
TGAACCGAAAACGA-1,H
TGAACCGACTACTT-1,G
TGAACCGATTCGGA-1,G
TGAAGCACTCACGA-1,E
TGAAGCTGAACGAA-1,C
TGAAGCTGCATGGT-1,D
TGAAGCTGCGTAAC-1,C
TGAATAACCACTTT-1,C
TGAATAACTCCCAC-1,E
TGACACGACCTTAT-1,D
TGACCAGACAACCA-1,A
TGACCAGAGGATTC-1,C
TGACCGCTAAAAGC-1,A
TGACCGCTCTGCAA-1,H
TGACGATGCAAAGA-1,B
TGACGCCTGTACCA-1,A
TGACGCCTTTACTC-1,A
TGACTGGAAGAGAT-1,B
TGACTGGACCGTAA-1,A
TGACTGGACGCAAT-1,H
TGACTGGAGGACAG-1,D
TGACTGGATTCTCA-1,A
TGACTTACACACCA-1,A
TGACTTACAGTCTG-1,B
TGACTTTGCGCATA-1,C
TGACTTTGTTTGTC-1,A
TGAGACACAAGGTA-1,E
TGAGACACTCAAGC-1,E
TGAGCTGAATGCTG-1,G
TGAGCTGACTGGAT-1,B
TGAGCTGATGCTAG-1,B
TGAGGACTCTCATT-1,B
TGAGGACTTCATTC-1,A
TGAGGTACGAACCT-1,G
TGAGTCGAGTTACG-1,D
TGAGTGACTGAGCT-1,C
TGATAAACGAATCC-1,A
TGATAAACTCCGTC-1,F
TGATAAACTTTCAC-1,C
TGATACCTCACTAG-1,B
TGATACCTGTTGGT-1,A
TGATACCTTATGCG-1,C
TGATACCTTGAAGA-1,A
TGATATGAACCTTT-1,C
TGATCACTAGCATC-1,E
TGATCACTCTCGCT-1,C
TGATCACTTCTACT-1,D
TGATCGGACTGACA-1,G
TGATCGGAGGAGCA-1,D
TGATCGGATATGCG-1,G
TGATTAGACATTGG-1,A
TGATTAGATGACTG-1,D
TGATTAGATGCTAG-1,C
TGATTCACTATGCG-1,H
TGATTCACTGTCAG-1,D
TGATTCTGCCGAAT-1,A
TGATTCTGCTCTTA-1,A
TGCAAGTGAGAACA-1,A
TGCAAGTGGGTAGG-1,B
TGCAATCTTCAGGT-1,I
TGCACAGACGACAT-1,F
TGCCAAGAGCAGTT-1,G
TGCCAAGATCTCTA-1,A
TGCCACTGAACGTC-1,A
TGCCACTGCGATAC-1,F
TGCCAGCTTGGCAT-1,A
TGCCCAACAGCAAA-1,A
TGCCCAACCGCATA-1,G
TGCCGACTCTCCCA-1,D
TGCGAAACAGTCAC-1,D
TGCGAAACGTTGCA-1,D
TGCGATGAACGGTT-1,A
TGCGATGACCTCGT-1,C
TGCGATGACTAGTG-1,D
TGCGATGACTGCTC-1,D
TGCGATGACTTGCC-1,D
TGCGATGAGTGCTA-1,B
TGCGCACTCTTGAG-1,B
TGCGTAGAATAAGG-1,B
TGCGTAGACGGGAA-1,D
TGCGTAGATGGTCA-1,G
TGCTAGGAAACCGT-1,E
TGCTAGGATAGTCG-1,C
TGCTATACGGTTCA-1,B
TGCTATACTGCTGA-1,E
TGCTGAGAGAGCAG-1,F
TGCTGAGATTATCC-1,A
TGGAAAGACTCTCG-1,D
TGGAAAGAGCGATT-1,A
TGGAAAGAGGTCAT-1,G
TGGAAAGATATGGC-1,H
TGGAACACAAACAG-1,F
TGGAACACGCTAAC-1,E
TGGAAGCTCAGATC-1,H
TGGACCCTACACTG-1,B
TGGACCCTCATGGT-1,E
TGGACCCTGGTACT-1,B
TGGACTGAGTATGC-1,A
TGGAGACTATCAGC-1,B
TGGAGACTTCAAGC-1,C
TGGAGACTTGACCA-1,E
TGGAGGGACGGAGA-1,B
TGGAGGGAGCTATG-1,H
TGGATCGATAAAGG-1,C
TGGATGTGACCTAG-1,D
TGGATGTGTGAAGA-1,D
TGGATTCTCATACG-1,E
TGGCAATGCTTGTT-1,D
TGGCACCTTCACGA-1,E
TGGCACCTTCAGTG-1,B
TGGGTATGAAGAGT-1,A
TGGGTATGCACAAC-1,A
TGGGTATGGTACGT-1,D
TGGGTATGTTTGGG-1,B
TGGTAGACATGCCA-1,A
TGGTAGACCCTCAC-1,F
TGGTAGACCTGATG-1,A
TGGTAGTGCACTGA-1,B
TGGTATCTAAACAG-1,C
TGGTATCTCTTCCG-1,C
TGGTCAGACCCAAA-1,I
TGGTTACTGACGTT-1,B
TGGTTACTGTTCTT-1,C
TGTAACCTAGAGGC-1,A
TGTAACCTTGCCTC-1,B
TGTAATGACACAAC-1,F
TGTAATGAGGTAAA-1,F
TGTACTTGCTCTAT-1,G
TGTAGGTGCGAGAG-1,D
TGTAGGTGCTATGG-1,A
TGTAGGTGCTCTAT-1,I
TGTAGGTGTGCTGA-1,C
TGTAGTCTTCCAGA-1,I
TGTAGTCTTGCACA-1,E
TGTATCTGTTAGGC-1,A
TGTATGCTCATGGT-1,D
TGTATGCTGTAGGG-1,H
TGTATGCTTTCATC-1,H
TGTCAGGAATACCG-1,C
TGTCAGGAGATGAA-1,G
TGTCTAACCCCTTG-1,H
TGTGACGATTCTCA-1,E
TGTGAGACTGTCAG-1,G
TGTGAGACTTGAGC-1,A
TGTGAGTGACCACA-1,C
TGTGAGTGAGTGCT-1,G
TGTGAGTGGAGATA-1,E
TGTGATCTCTCTAT-1,D
TGTGATCTGACACT-1,E
TGTGGATGGCCAAT-1,D
TGTTAAGACAAAGA-1,B
TGTTAAGATAAGGA-1,B
TGTTACACCGCATA-1,G
TGTTACACGACTAC-1,G
TGTTACTGGCTACA-1,E
TGTTACTGTAGTCG-1,E
TTAACCACCGTAAC-1,A
TTAACCACTAAGGA-1,E
TTAACCACTCAGAC-1,E
TTACACACGTGTTG-1,A
TTACACACTCCTAT-1,C
TTACCATGAATCGC-1,B
TTACCATGGTTGAC-1,A
TTACCATGTGTCTT-1,E
TTACCATGTTGTGG-1,D
TTACGACTGAGAGC-1,A
TTACGACTTGACAC-1,B
TTACGTACGTTCAG-1,J
TTACTCGAACGTTG-1,I
TTACTCGAAGAATG-1,B
TTACTCGACGCAAT-1,I
TTACTCGAGGGTGA-1,A
TTACTCGATCTACT-1,F
TTAGAATGTGGTGT-1,C
TTAGAATGTGTAGC-1,H
TTAGACCTCCTACC-1,C
TTAGACCTCCTTTA-1,B
TTAGCTACAACCGT-1,H
TTAGCTACTGTCCC-1,G
TTAGCTACTTTCGT-1,A
TTAGGGACGCGAAG-1,E
TTAGGGTGCTGGAT-1,D
TTAGGGTGTCCTGC-1,B
TTAGGTCTACTTTC-1,B
TTAGTCACCAGTTG-1,A
TTAGTCTGAAAGCA-1,D
TTAGTCTGCCAACA-1,F
TTAGTCTGTGCACA-1,A
TTATCCGACTAGTG-1,D
TTATCCGAGAAAGT-1,B
TTATGAGAGATAAG-1,C
TTATGCACGTCACA-1,D
TTATGGCTTATGGC-1,I
TTATTCCTATGCTG-1,B
TTATTCCTGGACAG-1,D
TTATTCCTGGTACT-1,D
TTATTCCTTCGTGA-1,A
TTCAAAGATAAAGG-1,E
TTCAACACAACAGA-1,A
TTCAACACCCCAAA-1,B
TTCAACACGGACGA-1,G
TTCAAGCTAAGAAC-1,B
TTCAAGCTAGATGA-1,A
TTCAAGCTGTTGAC-1,A
TTCAAGCTTGATGC-1,C
TTCAAGCTTTCGCC-1,C
TTCACAACCCGTTC-1,B
TTCACAACGTCTGA-1,B
TTCAGACTACCCAA-1,H
TTCAGACTCTCGAA-1,C
TTCAGTACCGACTA-1,A
TTCAGTACTCAAGC-1,A
TTCAGTACTCCTAT-1,B
TTCAGTTGCCAAGT-1,A
TTCAGTTGTCCTTA-1,I
TTCAGTTGTCTAGG-1,H
TTCAGTTGTCTCGC-1,D
TTCATCGAGGTGGA-1,B
TTCATGTGTGGTGT-1,A
TTCATTCTATGTCG-1,B
TTCATTCTTCTCTA-1,H
TTCCAAACCTATGG-1,B
TTCCAAACCTCCCA-1,D
TTCCAAACTCCCAC-1,F
TTCCAAACTTGACG-1,E
TTCCATGACGAGAG-1,B
TTCCATGACTGTCC-1,H
TTCCCACTTGAGGG-1,F
TTCCCACTTGTCTT-1,B
TTCCTAGAAAGTGA-1,C
TTCCTAGACTAGTG-1,G
TTCGAGGACTCTAT-1,A
TTCGAGGAGGGCAA-1,A
TTCGAGGATAGAAG-1,G
TTCGATTGAGCATC-1,A
TTCGGAGAATGCCA-1,B
TTCGGAGATGTGCA-1,A
TTCGTATGAAAAGC-1,E
TTCGTATGGATAGA-1,E
TTCGTATGGTCTGA-1,C
TTCGTATGTCCTTA-1,B
TTCTACGAACGTAC-1,C
TTCTACGAGTTGGT-1,A
TTCTAGTGACACGT-1,A
TTCTAGTGCATGAC-1,B
TTCTAGTGGAGAGC-1,F
TTCTAGTGGTCACA-1,B
TTCTCAGAAGAGAT-1,A
TTCTCAGAAGCATC-1,D
TTCTCAGATGGAGG-1,A
TTCTGATGGAGACG-1,F
TTCTTACTCTGGAT-1,G
TTGAACCTCCTTGC-1,D
TTGAATGAACTACG-1,G
TTGAATGACTTACT-1,C
TTGAATGATCTCAT-1,D
TTGACACTCTGTAG-1,E
TTGACACTGATAAG-1,D
TTGAGGACAGAACA-1,B
TTGAGGACTACGCA-1,I
TTGAGGTGGACGGA-1,C
TTGCATTGAGCTAC-1,E
TTGCATTGCTAAGC-1,B
TTGCATTGTGACTG-1,A
TTGCTAACACCAAC-1,E
TTGCTAACACGCTA-1,G
TTGCTAACCACTCC-1,C
TTGCTATGGTACGT-1,B
TTGCTATGGTAGGG-1,G
TTGGAGACCAATCG-1,A
TTGGAGACGCTATG-1,B
TTGGAGACTATGGC-1,D
TTGGGAACTGAACC-1,C
TTGGTACTACTGGT-1,B
TTGGTACTCTTAGG-1,C
TTGGTACTGAATCC-1,D
TTGGTACTGGATTC-1,D
TTGTACACGTTGTG-1,D
TTGTACACTTGCAG-1,A
TTGTAGCTAGCTCA-1,A
TTGTAGCTCTCTTA-1,D
TTGTCATGGACGGA-1,F
TTTAGAGATCCTCG-1,D
TTTAGCTGATACCG-1,C
TTTAGCTGGATACC-1,B
TTTAGCTGTACTCT-1,I
TTTAGGCTCCTTTA-1,B
TTTATCCTGTTGTG-1,B
TTTCACGAGGTTCA-1,C
TTTCAGTGGAAGGC-1,E
TTTCAGTGTCACGA-1,D
TTTCAGTGTCTATC-1,B
TTTCAGTGTGCAGT-1,D
TTTCCAGAGGTGAG-1,A
TTTCGAACACCTGA-1,I
TTTCGAACTCTCAT-1,B
TTTCTACTGAGGCA-1,I
TTTCTACTTCCTCG-1,D
TTTGCATGAGAGGC-1,D
TTTGCATGCCTCAC-1,C
